extensions,type,source
acmnokigkgihogfbeooklgemindnbine,0,https://www.zdnet.com/article/google-removes-106-chrome-extensions-for-collecting-sensitive-user-data/
apgohnlmnmkblgfplgnlmkjcpocgfomp,0,https://www.zdnet.com/article/google-removes-106-chrome-extensions-for-collecting-sensitive-user-data/
apjnadhmhgdobcdanndaphcpmnjbnfng,0,https://www.zdnet.com/article/google-removes-106-chrome-extensions-for-collecting-sensitive-user-data/
bahkljhhdeciiaodlkppoonappfnheoi,0,https://www.zdnet.com/article/google-removes-106-chrome-extensions-for-collecting-sensitive-user-data/
bannaglhmenocdjcmlkhkcciioaepfpj,0,https://www.zdnet.com/article/google-removes-106-chrome-extensions-for-collecting-sensitive-user-data/
bgffinjklipdhacmidehoncomokcmjmh,0,https://www.zdnet.com/article/google-removes-106-chrome-extensions-for-collecting-sensitive-user-data/
bifdhahddjbdbjmiekcnmeiffabcfjgh,0,https://www.zdnet.com/article/google-removes-106-chrome-extensions-for-collecting-sensitive-user-data/
bjpknhldlbknoidifkjnnkpginjgkgnm,0,https://www.zdnet.com/article/google-removes-106-chrome-extensions-for-collecting-sensitive-user-data/
blngdeeenccpfjbkolalandfmiinhkak,0,https://www.zdnet.com/article/google-removes-106-chrome-extensions-for-collecting-sensitive-user-data/
ccdfhjebekpopcelcfkpgagbehppkadi,0,https://www.zdnet.com/article/google-removes-106-chrome-extensions-for-collecting-sensitive-user-data/
cceejgojinihpakmciijfdgafhpchigo,0,https://www.zdnet.com/article/google-removes-106-chrome-extensions-for-collecting-sensitive-user-data/
cebjhmljaodmgmcaecenghhikkjdfabo,0,https://www.zdnet.com/article/google-removes-106-chrome-extensions-for-collecting-sensitive-user-data/
chbpnonhcgdbcpicacolalkgjlcjkbbd,0,https://www.zdnet.com/article/google-removes-106-chrome-extensions-for-collecting-sensitive-user-data/
cifafogcmckphmnbeipgkpfbjphmajbc,0,https://www.zdnet.com/article/google-removes-106-chrome-extensions-for-collecting-sensitive-user-data/
clopbiaijcfolfmjebjinippgmdkkppj,0,https://www.zdnet.com/article/google-removes-106-chrome-extensions-for-collecting-sensitive-user-data/
cpgoblgcfemdmaolmfhpoifikehgbjbf,0,https://www.zdnet.com/article/google-removes-106-chrome-extensions-for-collecting-sensitive-user-data/
dcmjopnlojhkngkmagminjbiahokmfig,0,https://www.zdnet.com/article/google-removes-106-chrome-extensions-for-collecting-sensitive-user-data/
deiiiklocnibjflinkfmefpofgcfhdga,0,https://www.zdnet.com/article/google-removes-106-chrome-extensions-for-collecting-sensitive-user-data/
dipecofobdcjnpffbkmfkdbfmjfjfgmn,0,https://www.zdnet.com/article/google-removes-106-chrome-extensions-for-collecting-sensitive-user-data/
dopkmmcoegcjggfanajnindneifffpck,0,https://www.zdnet.com/article/google-removes-106-chrome-extensions-for-collecting-sensitive-user-data/
dopmojabcdlfbnppmjeaajclohofnbol,0,https://www.zdnet.com/article/google-removes-106-chrome-extensions-for-collecting-sensitive-user-data/
edcepmkpdojmciieeijebkodahjfliif,0,https://www.zdnet.com/article/google-removes-106-chrome-extensions-for-collecting-sensitive-user-data/
ekbecnhekcpbfgdchfjcfmnocdfpcanj,0,https://www.zdnet.com/article/google-removes-106-chrome-extensions-for-collecting-sensitive-user-data/
elflophcopcglipligoibfejllmndhmp,0,https://www.zdnet.com/article/google-removes-106-chrome-extensions-for-collecting-sensitive-user-data/
eogfeijdemimhpfhlpjoifeckijeejkc,0,https://www.zdnet.com/article/google-removes-106-chrome-extensions-for-collecting-sensitive-user-data/
fcobokliblbalmjmahdebcdalglnieii,0,https://www.zdnet.com/article/google-removes-106-chrome-extensions-for-collecting-sensitive-user-data/
fgafnjobnempajahhgebbbpkpegcdlbf,0,https://www.zdnet.com/article/google-removes-106-chrome-extensions-for-collecting-sensitive-user-data/
fgcomdacecoimaejookmlcfogngmfmli,0,https://www.zdnet.com/article/google-removes-106-chrome-extensions-for-collecting-sensitive-user-data/
fgmeppijnhhafacemgoocgelcflipnfd,0,https://www.zdnet.com/article/google-removes-106-chrome-extensions-for-collecting-sensitive-user-data/
fhanjgcjamaagccdkanegeefdpdkeban,0,https://www.zdnet.com/article/google-removes-106-chrome-extensions-for-collecting-sensitive-user-data/
flfkimeelfnpapcgmobfgfifhackkend,0,https://www.zdnet.com/article/google-removes-106-chrome-extensions-for-collecting-sensitive-user-data/
fmahbaepkpdimfcjpopjklankbbhdobk,0,https://www.zdnet.com/article/google-removes-106-chrome-extensions-for-collecting-sensitive-user-data/
foebfmkeamadbhjcdglihfijdaohomlm,0,https://www.zdnet.com/article/google-removes-106-chrome-extensions-for-collecting-sensitive-user-data/
fpngnlpmkfkhodklbljnncdcmkiopide,0,https://www.zdnet.com/article/google-removes-106-chrome-extensions-for-collecting-sensitive-user-data/
gdifegeihkihjbkkgdijkcpkjekoicbl,0,https://www.zdnet.com/article/google-removes-106-chrome-extensions-for-collecting-sensitive-user-data/
gfcmbgjehfhemioddkpcipehdfnjmief,0,https://www.zdnet.com/article/google-removes-106-chrome-extensions-for-collecting-sensitive-user-data/
gfdefkjpjdbiiclhimebabkmclmiiegk,0,https://www.zdnet.com/article/google-removes-106-chrome-extensions-for-collecting-sensitive-user-data/
ggijmaajgdkdijomfipnpdfijcnodpip,0,https://www.zdnet.com/article/google-removes-106-chrome-extensions-for-collecting-sensitive-user-data/
ghgjhnkjohlnmngbniijbkidigifekaa,0,https://www.zdnet.com/article/google-removes-106-chrome-extensions-for-collecting-sensitive-user-data/
gllihgnfnbpdmnppfjdlkciijkddfohn,0,https://www.zdnet.com/article/google-removes-106-chrome-extensions-for-collecting-sensitive-user-data/
gmmohhcojdhgbjjahhpkfhbapgcfgfne,0,https://www.zdnet.com/article/google-removes-106-chrome-extensions-for-collecting-sensitive-user-data/
gofhadkfcffpjdbonbladicjdbkpickk,0,https://www.zdnet.com/article/google-removes-106-chrome-extensions-for-collecting-sensitive-user-data/
hapicipmkalhnklammmfdblkngahelln,0,https://www.zdnet.com/article/google-removes-106-chrome-extensions-for-collecting-sensitive-user-data/
hijipblimhboccjcnnjnjelcdmceeafa,0,https://www.zdnet.com/article/google-removes-106-chrome-extensions-for-collecting-sensitive-user-data/
hmamdkecijcegebmhndhcihjjkndbjgk,0,https://www.zdnet.com/article/google-removes-106-chrome-extensions-for-collecting-sensitive-user-data/
hodfejbmfdhcgolcglcojkpfdjjdepji,0,https://www.zdnet.com/article/google-removes-106-chrome-extensions-for-collecting-sensitive-user-data/
hpfijbjnmddglpmogpaeofdbehkpball,0,https://www.zdnet.com/article/google-removes-106-chrome-extensions-for-collecting-sensitive-user-data/
ianfonfnhjeidghdegbkbbjgliiciiic,0,https://www.zdnet.com/article/google-removes-106-chrome-extensions-for-collecting-sensitive-user-data/
ibfjiddieiljjjccjemgnoopkpmpniej,0,https://www.zdnet.com/article/google-removes-106-chrome-extensions-for-collecting-sensitive-user-data/
inhdgbalcopmbpjfincjponejamhaeop,0,https://www.zdnet.com/article/google-removes-106-chrome-extensions-for-collecting-sensitive-user-data/
iondldgmpaoekbgabgconiajpbkebkin,0,https://www.zdnet.com/article/google-removes-106-chrome-extensions-for-collecting-sensitive-user-data/
ipagcbjbgailmjeaojmpiddflpbgjngl,0,https://www.zdnet.com/article/google-removes-106-chrome-extensions-for-collecting-sensitive-user-data/
jagbooldjnemiedoagckjomjegkopfno,0,https://www.zdnet.com/article/google-removes-106-chrome-extensions-for-collecting-sensitive-user-data/
jdheollkkpfglhohnpgkonecdealeebn,0,https://www.zdnet.com/article/google-removes-106-chrome-extensions-for-collecting-sensitive-user-data/
jfefcmidfkpncdkjkkghhmjkafanhiam,0,https://www.zdnet.com/article/google-removes-106-chrome-extensions-for-collecting-sensitive-user-data/
jfgkpeobcmjlocjpfgocelimhppdmigj,0,https://www.zdnet.com/article/google-removes-106-chrome-extensions-for-collecting-sensitive-user-data/
jghiljaagglmcdeopnjkfhcikjnddhhc,0,https://www.zdnet.com/article/google-removes-106-chrome-extensions-for-collecting-sensitive-user-data/
jgjakaebbliafihodjhpkpankimhckdf,0,https://www.zdnet.com/article/google-removes-106-chrome-extensions-for-collecting-sensitive-user-data/
jiiinmeiedloeiabcgkdcbbpfelmbaff,0,https://www.zdnet.com/article/google-removes-106-chrome-extensions-for-collecting-sensitive-user-data/
jkdngiblfdmfjhiahibnnhcjncehcgab,0,https://www.zdnet.com/article/google-removes-106-chrome-extensions-for-collecting-sensitive-user-data/
jkofpdjclecgjcfomkaajhhmmhnninia,0,https://www.zdnet.com/article/google-removes-106-chrome-extensions-for-collecting-sensitive-user-data/
kbdbmddhlgckaggdapibpihadohhelao,0,https://www.zdnet.com/article/google-removes-106-chrome-extensions-for-collecting-sensitive-user-data/
keceijnpfmmlnebgnkhojinbkopolaom,0,https://www.zdnet.com/article/google-removes-106-chrome-extensions-for-collecting-sensitive-user-data/
khhemdcdllgomlbleegjdpbeflgbomcj,0,https://www.zdnet.com/article/google-removes-106-chrome-extensions-for-collecting-sensitive-user-data/
kjdcopljcgiekkmjhinmcpioncofoclg,0,https://www.zdnet.com/article/google-removes-106-chrome-extensions-for-collecting-sensitive-user-data/
kjgaljeofmfgjfipajjeeflbknekghma,0,https://www.zdnet.com/article/google-removes-106-chrome-extensions-for-collecting-sensitive-user-data/
labpefoeghdmpbfijhnnejdmnjccgplc,0,https://www.zdnet.com/article/google-removes-106-chrome-extensions-for-collecting-sensitive-user-data/
lameokaalbmnhgapanlloeichlbjloak,0,https://www.zdnet.com/article/google-removes-106-chrome-extensions-for-collecting-sensitive-user-data/
lbeekfefglldjjenkaekhnogoplpmfin,0,https://www.zdnet.com/article/google-removes-106-chrome-extensions-for-collecting-sensitive-user-data/
lbhddhdfbcdcfbbbmimncbakkjobaedh,0,https://www.zdnet.com/article/google-removes-106-chrome-extensions-for-collecting-sensitive-user-data/
ldoiiiffclpggehajofeffljablcodif,0,https://www.zdnet.com/article/google-removes-106-chrome-extensions-for-collecting-sensitive-user-data/
lhjdepbplpkgmghgiphdjpnagpmhijbg,0,https://www.zdnet.com/article/google-removes-106-chrome-extensions-for-collecting-sensitive-user-data/
ljddilebjpmmomoppeemckhpilhmoaok,0,https://www.zdnet.com/article/google-removes-106-chrome-extensions-for-collecting-sensitive-user-data/
ljnfpiodfojmjfbiechgkbkhikfbknjc,0,https://www.zdnet.com/article/google-removes-106-chrome-extensions-for-collecting-sensitive-user-data/
lnedcnepmplnjmfdiclhbfhneconamoj,0,https://www.zdnet.com/article/google-removes-106-chrome-extensions-for-collecting-sensitive-user-data/
lnlkgfpceclfhomgocnnenmadlhanghf,0,https://www.zdnet.com/article/google-removes-106-chrome-extensions-for-collecting-sensitive-user-data/
loigeafmbglngofpkkddgobapkkcaena,0,https://www.zdnet.com/article/google-removes-106-chrome-extensions-for-collecting-sensitive-user-data/
lpajppfbbiafpmbeompbinpigbemekcg,0,https://www.zdnet.com/article/google-removes-106-chrome-extensions-for-collecting-sensitive-user-data/
majekhlfhmeeplofdolkddbecmgjgplm,0,https://www.zdnet.com/article/google-removes-106-chrome-extensions-for-collecting-sensitive-user-data/
mapafdeimlgplbahigmhneiibemhgcnc,0,https://www.zdnet.com/article/google-removes-106-chrome-extensions-for-collecting-sensitive-user-data/
mcfeaailfhmpdphgnheboncfiikfkenn,0,https://www.zdnet.com/article/google-removes-106-chrome-extensions-for-collecting-sensitive-user-data/
mgkjakldpclhkfadefnoncnjkiaffpkp,0,https://www.zdnet.com/article/google-removes-106-chrome-extensions-for-collecting-sensitive-user-data/
mhinpnedhapjlbgnhcifjdkklbeefbpa,0,https://www.zdnet.com/article/google-removes-106-chrome-extensions-for-collecting-sensitive-user-data/
mihiainclhehjnklijgpokdpldjmjdap,0,https://www.zdnet.com/article/google-removes-106-chrome-extensions-for-collecting-sensitive-user-data/
mmkakbkmcnchdopphcbphjioggaanmim,0,https://www.zdnet.com/article/google-removes-106-chrome-extensions-for-collecting-sensitive-user-data/
mopkkgobjofbkkgemcidkndbglkcfhjj,0,https://www.zdnet.com/article/google-removes-106-chrome-extensions-for-collecting-sensitive-user-data/
mpifmhgignilkmeckejgamolchmgfdom,0,https://www.zdnet.com/article/google-removes-106-chrome-extensions-for-collecting-sensitive-user-data/
nabmpeienmkmicpjckkgihobgleppbkc,0,https://www.zdnet.com/article/google-removes-106-chrome-extensions-for-collecting-sensitive-user-data/
nahhmpbckpgdidfnmfkfgiflpjijilce,0,https://www.zdnet.com/article/google-removes-106-chrome-extensions-for-collecting-sensitive-user-data/
ncepfbpjhkahgdemgmjmcgbgnfdinnhk,0,https://www.zdnet.com/article/google-removes-106-chrome-extensions-for-collecting-sensitive-user-data/
npaklgbiblcbpokaiddpmmbknncnbljb,0,https://www.zdnet.com/article/google-removes-106-chrome-extensions-for-collecting-sensitive-user-data/
npdfkclmbnoklkdebjfodpendkepbjek,0,https://www.zdnet.com/article/google-removes-106-chrome-extensions-for-collecting-sensitive-user-data/
nplenkhhmalidgamfdejkblbaihndkcm,0,https://www.zdnet.com/article/google-removes-106-chrome-extensions-for-collecting-sensitive-user-data/
oalfdomffplbcimjikgaklfamodahpmi,0,https://www.zdnet.com/article/google-removes-106-chrome-extensions-for-collecting-sensitive-user-data/
odnakbaioopckimfnkllgijmkikhfhhf,0,https://www.zdnet.com/article/google-removes-106-chrome-extensions-for-collecting-sensitive-user-data/
oklejhdbgggnfaggiidiaokelehcfjdp,0,https://www.zdnet.com/article/google-removes-106-chrome-extensions-for-collecting-sensitive-user-data/
omgeapkgiddakeoklcapboapbamdgmhp,0,https://www.zdnet.com/article/google-removes-106-chrome-extensions-for-collecting-sensitive-user-data/
oonbcpdabjcggcklopgbdagbfnkhbgbe,0,https://www.zdnet.com/article/google-removes-106-chrome-extensions-for-collecting-sensitive-user-data/
opahibnipmkjincplepgjiiinbfmppmh,0,https://www.zdnet.com/article/google-removes-106-chrome-extensions-for-collecting-sensitive-user-data/
pamchlfnkebmjbfbknoclehcpfclbhpl,0,https://www.zdnet.com/article/google-removes-106-chrome-extensions-for-collecting-sensitive-user-data/
pcfapghfanllmbdfiipeiihpkojekckk,0,https://www.zdnet.com/article/google-removes-106-chrome-extensions-for-collecting-sensitive-user-data/
pchfjdkempbhcjdifpfphmgdmnmadgce,0,https://www.zdnet.com/article/google-removes-106-chrome-extensions-for-collecting-sensitive-user-data/
pdpcpceofkopegffcdnffeenbfdldock,0,https://www.zdnet.com/article/google-removes-106-chrome-extensions-for-collecting-sensitive-user-data/
pgahbiaijngfmbbijfgmchcnkipajgha,0,https://www.zdnet.com/article/google-removes-106-chrome-extensions-for-collecting-sensitive-user-data/
pidohlmjfgjbafgfleommlolmbjdcpal,0,https://www.zdnet.com/article/google-removes-106-chrome-extensions-for-collecting-sensitive-user-data/
pilplloabdedfmialnfchjomjmpjcoej,0,https://www.zdnet.com/article/google-removes-106-chrome-extensions-for-collecting-sensitive-user-data/
pklmnoldkkoholegljdkibjjhmegpjep,0,https://www.zdnet.com/article/google-removes-106-chrome-extensions-for-collecting-sensitive-user-data/
pknkncdfjlncijifekldbjmeaiakdbof,0,https://www.zdnet.com/article/google-removes-106-chrome-extensions-for-collecting-sensitive-user-data/
plmgefkiicjfchonlmnbabfebpnpckkk,0,https://www.zdnet.com/article/google-removes-106-chrome-extensions-for-collecting-sensitive-user-data/
pnciakodcdnehobpfcjcnnlcpmjlpkac,0,https://www.zdnet.com/article/google-removes-106-chrome-extensions-for-collecting-sensitive-user-data/
ponodoigcmkglddlljanchegmkgkhmgb,0,https://www.zdnet.com/article/google-removes-106-chrome-extensions-for-collecting-sensitive-user-data/
oanbpfkcehelcjjipodkaafialmfejmi,0,https://duo.com/labs/research/crxcavator-malvertising-2020
lhfibgclamcffnddoicjmoopmgomknmb,0,https://duo.com/labs/research/crxcavator-malvertising-2020
ilcbbngkolbclhlildojhgjdbkkehfia,0,https://duo.com/labs/research/crxcavator-malvertising-2020
pnhjnmacgahapmnnifmneapinilajfol,0,https://duo.com/labs/research/crxcavator-malvertising-2020
ocifcogajbgikalbpphmoedjlcfjkhgh,0,https://duo.com/labs/research/crxcavator-malvertising-2020
peglehonblabfemopkgmfcpofbchegcl,0,https://duo.com/labs/research/crxcavator-malvertising-2020
aaeohfpkhojgdhocdfpkdaffbehjbmmd,0,https://duo.com/labs/research/crxcavator-malvertising-2020
lidnmohoigekohfmdpopgcpigjkpemll,0,https://duo.com/labs/research/crxcavator-malvertising-2020
jmbmildjdmppofnohldicmnkojfhggmb,0,https://duo.com/labs/research/crxcavator-malvertising-2020
jdoaaldnifinadckcbfkbiekgaebkeif,0,https://duo.com/labs/research/crxcavator-malvertising-2020
ogjfhmgoalinegalajpmjoliipdibhdm,0,https://duo.com/labs/research/crxcavator-malvertising-2020
lebmkjafnodbnhbahbgdollaaabcmpbh,0,https://duo.com/labs/research/crxcavator-malvertising-2020
gjammdgdlgmoidmdfoefkeklnhmllpjp,0,https://duo.com/labs/research/crxcavator-malvertising-2020
kdkpllchojjkbgephbbeacaahecgfpga,0,https://duo.com/labs/research/crxcavator-malvertising-2020
jaehldonmiabhfohkenmlimnceapgpnp,0,https://duo.com/labs/research/crxcavator-malvertising-2020
pmhlkgkblgeeigiegkmacefjoflennbn,0,https://duo.com/labs/research/crxcavator-malvertising-2020
ofdfbeanbffehepagohhengmjnhlkich,0,https://duo.com/labs/research/crxcavator-malvertising-2020
mjchijabihjkhmmaaihpgmhkklgakinl,0,https://duo.com/labs/research/crxcavator-malvertising-2020
poppendnaoonepbkmjejdfebihohaalo,0,https://duo.com/labs/research/crxcavator-malvertising-2020
eogoljjmndnjfikmcbmopmlhjnhbmdda,0,https://duo.com/labs/research/crxcavator-malvertising-2020
gdnkjjhpffldmfljpbfemliidkeeecdj,0,https://duo.com/labs/research/crxcavator-malvertising-2020
gelcjfdfebnabkielednfoogpbhdeoai,0,https://duo.com/labs/research/crxcavator-malvertising-2020
ofpihhkeakgnnbkmcoifjkkhnllddbld,0,https://duo.com/labs/research/crxcavator-malvertising-2020
pjjghngpidphgicpgdebpmdgdicepege,0,https://duo.com/labs/research/crxcavator-malvertising-2020
nchdkdaknojhpimbfbejfcdnmjfbllhj,0,https://duo.com/labs/research/crxcavator-malvertising-2020
blcfpeooekoekehdpbikibeblpjlehlh,0,https://duo.com/labs/research/crxcavator-malvertising-2020
looclnmoilplejheganiloofamfilbcd,0,https://duo.com/labs/research/crxcavator-malvertising-2020
oehimkphpeeeneindfeekidpmkpffkgc,0,https://duo.com/labs/research/crxcavator-malvertising-2020
eebbihndkbkejmlgfoofigacgicamfha,0,https://duo.com/labs/research/crxcavator-malvertising-2020
faopefnnleiebimhkldlplkgkjpbmcea,0,https://duo.com/labs/research/crxcavator-malvertising-2020
obcfkcpejehknjdollnafpebkcpkklbl,0,https://duo.com/labs/research/crxcavator-malvertising-2020
jepocknhdcgdmbiodbpopcbjnlgecdhf,0,https://duo.com/labs/research/crxcavator-malvertising-2020
dehhfjanlmglmabomenmpjnnopigplae,0,https://duo.com/labs/research/crxcavator-malvertising-2020
ekijhekekfckmkmbemiijdkihdibnbgh,0,https://duo.com/labs/research/crxcavator-malvertising-2020
pjpjefgijnjlhgegceegmpecklonpdjp,0,https://duo.com/labs/research/crxcavator-malvertising-2020
nlhocomjnfjedielocojomgfldbjmdjj,0,https://duo.com/labs/research/crxcavator-malvertising-2020
opooaebceonakifaacigffdhogdgfadg,0,https://duo.com/labs/research/crxcavator-malvertising-2020
ojofdaokgfdlbeomlelkiiipkocneien,0,https://duo.com/labs/research/crxcavator-malvertising-2020
gpaaalbnkccgmmbkendiciheljgpdhob,0,https://duo.com/labs/research/crxcavator-malvertising-2020
almfnpjmjpnknlgpipillhfmchjikkno,0,https://duo.com/labs/research/crxcavator-malvertising-2020
eeacchjlmkcleifpppcjbmahcnlihamj,0,https://duo.com/labs/research/crxcavator-malvertising-2020
lojgkcienjoiogbfkbjiidpfnabhkckf,0,https://duo.com/labs/research/crxcavator-malvertising-2020
gkemhapalomnipjhminflfhjcjehjhmp,0,https://duo.com/labs/research/crxcavator-malvertising-2020
icolkoeolaodpjogekifcidcdbgbdobc,0,https://duo.com/labs/research/crxcavator-malvertising-2020
abjbfhcehjndcpbiiagdnlfolkbfblpb,0,https://duo.com/labs/research/crxcavator-malvertising-2020
bbjilncoookdcjjnkcdaofiollndepla,0,https://duo.com/labs/research/crxcavator-malvertising-2020
igpcgjcdhmdjhdlgoncfnpkdipanlida,0,https://duo.com/labs/research/crxcavator-malvertising-2020
nfhpojfdhcdmimokleagkdcbkmcgfjkh,0,https://duo.com/labs/research/crxcavator-malvertising-2020
jfnlkmaledafkdhdokgnhlcmeamakham,0,https://duo.com/labs/research/crxcavator-malvertising-2020
dibjpjiifnahccnokciamjlfgdlgimmn,0,https://duo.com/labs/research/crxcavator-malvertising-2020
fjclfmhapndgeabdcikbhemimpijpnah,0,https://duo.com/labs/research/crxcavator-malvertising-2020
jpnamljnefhpbpcofcbonjjjkmfjbhdp,0,https://duo.com/labs/research/crxcavator-malvertising-2020
iggmbfojpkfikoahlfghaalpbpkhfohc,0,https://duo.com/labs/research/crxcavator-malvertising-2020
fkllfgoempnigpogkgkgmghkchmjcjni,0,https://duo.com/labs/research/crxcavator-malvertising-2020
dealfjgnmkibkcldkcpbikenmajlglmc,0,https://duo.com/labs/research/crxcavator-malvertising-2020
abghmipjfclfpgmmelbgolfgmhnigbma,0,https://duo.com/labs/research/crxcavator-malvertising-2020
dcbfmglfdlgpnolgdjoioeocllioebpe,0,https://duo.com/labs/research/crxcavator-malvertising-2020
obmbmalbahpfbckpcfbipooimkldgphm,0,https://duo.com/labs/research/crxcavator-malvertising-2020
gbkmkgfjngebdcpklbkeccelcjaobblk,0,https://duo.com/labs/research/crxcavator-malvertising-2020
ehibgcefkpbfkklbpahilhicidnhiboc,0,https://duo.com/labs/research/crxcavator-malvertising-2020
gmljddfeipofcffbhhcpohkegndieeab,0,https://duo.com/labs/research/crxcavator-malvertising-2020
dajgdhiemoaecngkpliephmheifopmjb,0,https://duo.com/labs/research/crxcavator-malvertising-2020
fdbmoflclpmkmeobidcgmfamkicinnlg,0,https://duo.com/labs/research/crxcavator-malvertising-2020
obbfndpanmiplgfcbeonoocobbnjdmdc,0,https://duo.com/labs/research/crxcavator-malvertising-2020
lgljionbhcfbnpjgfnhhoadpdngkmfnh,0,https://duo.com/labs/research/crxcavator-malvertising-2020
ddenjpheppdmfimooolgihimdgpilhfo,0,https://duo.com/labs/research/crxcavator-malvertising-2020
bblkckhknhmalchbceidkmjalmcmnkfa,0,https://duo.com/labs/research/crxcavator-malvertising-2020
fhkmacopackahlbnpcfijgphgoimpggb,0,https://duo.com/labs/research/crxcavator-malvertising-2020
eohnfgagodblipmmalphhfepaonpnjgk,0,https://duo.com/labs/research/crxcavator-malvertising-2020
emkkigmmpfbjmikfadmfeebomholoikg,0,https://duo.com/labs/research/crxcavator-malvertising-2020
fekjbjbbdopogpamkmdjpjicapclgamj,0,https://duo.com/labs/research/crxcavator-malvertising-2020
afephhbbcdlgdehhddfnehfndnkfbgnm,0,https://medium.com/mycrypto/discovering-fake-browser-extensions-that-target-users-of-ledger-trezor-mew-metamask-and-more-e281a2b80ff9
agfjbfkpehcnceblmdahjaejpnnnkjdn,0,https://medium.com/mycrypto/discovering-fake-browser-extensions-that-target-users-of-ledger-trezor-mew-metamask-and-more-e281a2b80ff9
ahikdohkiedoomaklnohgdnmfcmbabcn,0,https://medium.com/mycrypto/discovering-fake-browser-extensions-that-target-users-of-ledger-trezor-mew-metamask-and-more-e281a2b80ff9
ahlfiinafajfmciaajgophipcfholmeh,0,https://medium.com/mycrypto/discovering-fake-browser-extensions-that-target-users-of-ledger-trezor-mew-metamask-and-more-e281a2b80ff9
akglkgdiggmkilkhejagginkngocbpbj,0,https://medium.com/mycrypto/discovering-fake-browser-extensions-that-target-users-of-ledger-trezor-mew-metamask-and-more-e281a2b80ff9
anihmmejabpaocacmeodiapbhpholaom,0,https://medium.com/mycrypto/discovering-fake-browser-extensions-that-target-users-of-ledger-trezor-mew-metamask-and-more-e281a2b80ff9
bhkcgfbaokmhglgipbppoobmoblcomhh,0,https://medium.com/mycrypto/discovering-fake-browser-extensions-that-target-users-of-ledger-trezor-mew-metamask-and-more-e281a2b80ff9
bkanfnnhokogflpnhnbfjdhbjdlgncdi,0,https://medium.com/mycrypto/discovering-fake-browser-extensions-that-target-users-of-ledger-trezor-mew-metamask-and-more-e281a2b80ff9
bpfdhglfmfepjhgnhnmclbfiknjnfblb,0,https://medium.com/mycrypto/discovering-fake-browser-extensions-that-target-users-of-ledger-trezor-mew-metamask-and-more-e281a2b80ff9
bpklfenmjhcjlocdicfadpfppcgojfjp,0,https://medium.com/mycrypto/discovering-fake-browser-extensions-that-target-users-of-ledger-trezor-mew-metamask-and-more-e281a2b80ff9
ckelhijilmmlmnaljmjpigfopkmfkoeh,0,https://medium.com/mycrypto/discovering-fake-browser-extensions-that-target-users-of-ledger-trezor-mew-metamask-and-more-e281a2b80ff9
dbcfhcelmjepboabieglhjejeolaopdl,0,https://medium.com/mycrypto/discovering-fake-browser-extensions-that-target-users-of-ledger-trezor-mew-metamask-and-more-e281a2b80ff9
dbcfokmgampdedgcefjahloodbgakkpl,0,https://medium.com/mycrypto/discovering-fake-browser-extensions-that-target-users-of-ledger-trezor-mew-metamask-and-more-e281a2b80ff9
ddohdfnenhipnhnbbfifknnhaomihcip,0,https://medium.com/mycrypto/discovering-fake-browser-extensions-that-target-users-of-ledger-trezor-mew-metamask-and-more-e281a2b80ff9
dehindejipifeaikcgbkdijgkbjliojc,0,https://medium.com/mycrypto/discovering-fake-browser-extensions-that-target-users-of-ledger-trezor-mew-metamask-and-more-e281a2b80ff9
dkhcmjfipgoapjamnngolidbcakpdhgf,0,https://medium.com/mycrypto/discovering-fake-browser-extensions-that-target-users-of-ledger-trezor-mew-metamask-and-more-e281a2b80ff9
effhjobodhmkbgfpgcdabfnjlnphakhb,0,https://medium.com/mycrypto/discovering-fake-browser-extensions-that-target-users-of-ledger-trezor-mew-metamask-and-more-e281a2b80ff9
egpnofbhgafhbkapdhedimohmainbiio,0,https://medium.com/mycrypto/discovering-fake-browser-extensions-that-target-users-of-ledger-trezor-mew-metamask-and-more-e281a2b80ff9
ehlgimmlmmcocemjadeafmohiplmgmei,0,https://medium.com/mycrypto/discovering-fake-browser-extensions-that-target-users-of-ledger-trezor-mew-metamask-and-more-e281a2b80ff9
epphnioigompfjaknnaokghgcncnjfbe,0,https://medium.com/mycrypto/discovering-fake-browser-extensions-that-target-users-of-ledger-trezor-mew-metamask-and-more-e281a2b80ff9
gbbpilgcdcmfppjkdociebhmcnbfbmod,0,https://medium.com/mycrypto/discovering-fake-browser-extensions-that-target-users-of-ledger-trezor-mew-metamask-and-more-e281a2b80ff9
glmbceclkhkaebcadgmbcjihllcnpmjh,0,https://medium.com/mycrypto/discovering-fake-browser-extensions-that-target-users-of-ledger-trezor-mew-metamask-and-more-e281a2b80ff9
gpffceikmehgifkjjginoibpceadefih,0,https://medium.com/mycrypto/discovering-fake-browser-extensions-that-target-users-of-ledger-trezor-mew-metamask-and-more-e281a2b80ff9
idnelecdpebmbpnmambnpcjogingdfco,0,https://medium.com/mycrypto/discovering-fake-browser-extensions-that-target-users-of-ledger-trezor-mew-metamask-and-more-e281a2b80ff9
ifceimlckdanenfkfoomccpcpemphlbg,0,https://medium.com/mycrypto/discovering-fake-browser-extensions-that-target-users-of-ledger-trezor-mew-metamask-and-more-e281a2b80ff9
ifmkfoeijeemajoodjfoagpbejmmnkhm,0,https://medium.com/mycrypto/discovering-fake-browser-extensions-that-target-users-of-ledger-trezor-mew-metamask-and-more-e281a2b80ff9
igkljanmhbnhedgkmgpkcgpjmociceim,0,https://medium.com/mycrypto/discovering-fake-browser-extensions-that-target-users-of-ledger-trezor-mew-metamask-and-more-e281a2b80ff9
ijhakgidfnlallpobldpbhandllbeobg,0,https://medium.com/mycrypto/discovering-fake-browser-extensions-that-target-users-of-ledger-trezor-mew-metamask-and-more-e281a2b80ff9
ijohicfhndicpnmkaldafhbecijhdikd,0,https://medium.com/mycrypto/discovering-fake-browser-extensions-that-target-users-of-ledger-trezor-mew-metamask-and-more-e281a2b80ff9
jbfponbaiamgjmfpfghcjjhddjdjdpna,0,https://medium.com/mycrypto/discovering-fake-browser-extensions-that-target-users-of-ledger-trezor-mew-metamask-and-more-e281a2b80ff9
jfamimfejiccpbnghhjfcibhkgblmiml,0,https://medium.com/mycrypto/discovering-fake-browser-extensions-that-target-users-of-ledger-trezor-mew-metamask-and-more-e281a2b80ff9
jlaaidmjgpgfkhehcljmeckhlaibgaol,0,https://medium.com/mycrypto/discovering-fake-browser-extensions-that-target-users-of-ledger-trezor-mew-metamask-and-more-e281a2b80ff9
kjnmimfgphmcppjhombdhhegpjphpiol,0,https://medium.com/mycrypto/discovering-fake-browser-extensions-that-target-users-of-ledger-trezor-mew-metamask-and-more-e281a2b80ff9
lfaahmcgahoalphllknbfcckggddoffj,0,https://medium.com/mycrypto/discovering-fake-browser-extensions-that-target-users-of-ledger-trezor-mew-metamask-and-more-e281a2b80ff9
mcbcknmlpfkbpogpnfcimfgdmchchmmg,0,https://medium.com/mycrypto/discovering-fake-browser-extensions-that-target-users-of-ledger-trezor-mew-metamask-and-more-e281a2b80ff9
mciddpldhpdpibckghnaoidpolnmighk,0,https://medium.com/mycrypto/discovering-fake-browser-extensions-that-target-users-of-ledger-trezor-mew-metamask-and-more-e281a2b80ff9
mjbimaghobnkobfefccnnnjedoefbafl,0,https://medium.com/mycrypto/discovering-fake-browser-extensions-that-target-users-of-ledger-trezor-mew-metamask-and-more-e281a2b80ff9
mnbhnjecaofgddbldmppbbdlokappkgk,0,https://medium.com/mycrypto/discovering-fake-browser-extensions-that-target-users-of-ledger-trezor-mew-metamask-and-more-e281a2b80ff9
nicmhgecboifljcnbbjlajbpagmhcclp,0,https://medium.com/mycrypto/discovering-fake-browser-extensions-that-target-users-of-ledger-trezor-mew-metamask-and-more-e281a2b80ff9
njhfmnfcoffkdjbgpannpgifnbgdihkl,0,https://medium.com/mycrypto/discovering-fake-browser-extensions-that-target-users-of-ledger-trezor-mew-metamask-and-more-e281a2b80ff9
noilkpnilphojpjaimfcnldblelgllaa,0,https://medium.com/mycrypto/discovering-fake-browser-extensions-that-target-users-of-ledger-trezor-mew-metamask-and-more-e281a2b80ff9
obcfoaeoidokjbaokikamaljjlpebofe,0,https://medium.com/mycrypto/discovering-fake-browser-extensions-that-target-users-of-ledger-trezor-mew-metamask-and-more-e281a2b80ff9
oejafikjmfmejaafjjkoeejjpdfkdkpc,0,https://medium.com/mycrypto/discovering-fake-browser-extensions-that-target-users-of-ledger-trezor-mew-metamask-and-more-e281a2b80ff9
ogaclpidpghafcnbchgpbigfegdbdikj,0,https://medium.com/mycrypto/discovering-fake-browser-extensions-that-target-users-of-ledger-trezor-mew-metamask-and-more-e281a2b80ff9
opmelhjohnmenjibglddlpmbpbocohck,0,https://medium.com/mycrypto/discovering-fake-browser-extensions-that-target-users-of-ledger-trezor-mew-metamask-and-more-e281a2b80ff9
pbilbjpkfbfbackdcejdmhdfgeldakkn,0,https://medium.com/mycrypto/discovering-fake-browser-extensions-that-target-users-of-ledger-trezor-mew-metamask-and-more-e281a2b80ff9
pcmdfnnipgpilomfclbnjpbdnmbcgjaf,0,https://medium.com/mycrypto/discovering-fake-browser-extensions-that-target-users-of-ledger-trezor-mew-metamask-and-more-e281a2b80ff9
pedokobimilhjemibclahcelgedmkgei,0,https://medium.com/mycrypto/discovering-fake-browser-extensions-that-target-users-of-ledger-trezor-mew-metamask-and-more-e281a2b80ff9
plnlhldekkpgnngfdbdhocnjfplgnekg,0,https://medium.com/mycrypto/discovering-fake-browser-extensions-that-target-users-of-ledger-trezor-mew-metamask-and-more-e281a2b80ff9
nonjdcjchghhkdoolnlbekcfllmednbl,0,https://www.salon.com/2019/07/22/malicious-browser-extensions-are-stealing-personal-information/
pgeolalilifpodheeocdmbhehgnkkbak,0,https://www.salon.com/2019/07/22/malicious-browser-extensions-are-stealing-personal-information/
gnamdgilanlgeeljfnckhboobddoahbl,0,https://www.salon.com/2019/07/22/malicious-browser-extensions-are-stealing-personal-information/
alecjlhgldihcjjcffgjalappiifdhae,0,https://www.salon.com/2019/07/22/malicious-browser-extensions-are-stealing-personal-information/
kelbkhobcfhdcfhohdkjnaimmicmhcbo,0,https://www.salon.com/2019/07/22/malicious-browser-extensions-are-stealing-personal-information/
dpglnfbihebejclmfmdcbgjembbfjneo,0,https://www.salon.com/2019/07/22/malicious-browser-extensions-are-stealing-personal-information/
lpjhpdcflkecpciaehfbpafflkeomcnb,0,https://www.salon.com/2019/07/22/malicious-browser-extensions-are-stealing-personal-information/
ckkgmccefffnbbalkmbbgebbojjogffn,0,https://www.zdnet.com/article/chrome-extension-caught-stealing-crypto-wallet-private-keys/
ppmibgfeefcglejjlpeihfdimbkfbbnm,0,https://blog.gigamon.com/2018/01/18/malicious-chrome-extensions-enable-criminals-to-impact-half-a-million-users-and-global-businesses/
ginfoagmgomhccdaclfbbbhfjgmphkph,0,https://blog.gigamon.com/2018/01/18/malicious-chrome-extensions-enable-criminals-to-impact-half-a-million-users-and-global-businesses/
mpneoicaochhlckfkackiigepakdgapj,0,https://blog.gigamon.com/2018/01/18/malicious-chrome-extensions-enable-criminals-to-impact-half-a-million-users-and-global-businesses/
djffibmpaakodnbmcdemmmjmeolcmbae,0,https://blog.gigamon.com/2018/01/18/malicious-chrome-extensions-enable-criminals-to-impact-half-a-million-users-and-global-businesses/
pejkmgfabkeddfcfldloonjbikjddapb,0,https://arstechnica.com/information-technology/2017/08/bank-fraud-malware-not-detected-by-any-av-hosted-in-chrome-web-store-twice/
gmddfjhfjgbmabkihepijkanhmlooajl,0,https://www.radware.com/security/malware/nigelthorn-malware/
kajjcgpohlkdcjfkcbkkbhapafcblaom,0,https://www.radware.com/security/malware/nigelthorn-malware/
anbnajjakpmfdofijejenaclbceejlll,0,https://www.radware.com/security/malware/nigelthorn-malware/
jkkmcoihchcflfjnigngdegbemipdlnl,0,https://www.radware.com/security/malware/nigelthorn-malware/
ajmchakbijebimbgcohecngliijaddin,0,https://www.radware.com/security/malware/nigelthorn-malware/
edpoobbacbcmfpnfpjoambjbihhobooi,0,https://www.radware.com/security/malware/nigelthorn-malware/
opfogdennafhaoihhkocppaajlkpbfbn,0,https://www.radware.com/security/malware/nigelthorn-malware/
ikojddbdekpboemgplhbloojlncbpmdd,0,
chlpbdodahbpifpjbcoocpfadoffdbpb,0,
flbcjbhgomclbhlchggbmnpekhfeacim,0,https://www.zdnet.com/article/cluster-of-295-chrome-extensions-caught-hijacking-google-and-bing-search-results/
aadmpgppfacognoeobmheghfiibdplcf,0,https://www.zdnet.com/article/cluster-of-295-chrome-extensions-caught-hijacking-google-and-bing-search-results/
abgfholnofpihncfdmombecmohpkojdb,0,https://www.zdnet.com/article/cluster-of-295-chrome-extensions-caught-hijacking-google-and-bing-search-results/
aciloeifdphkogbpagikkpiecbjkmedn,0,https://www.zdnet.com/article/cluster-of-295-chrome-extensions-caught-hijacking-google-and-bing-search-results/
acmgemnaochmalgkipbamjddcplkdmjm,0,https://www.zdnet.com/article/cluster-of-295-chrome-extensions-caught-hijacking-google-and-bing-search-results/
addpbbembilhmnkjpenjgcgmihlcofja,0,https://www.zdnet.com/article/cluster-of-295-chrome-extensions-caught-hijacking-google-and-bing-search-results/
adfjcmhegakkhojnallobfjbhenbkopj,0,https://www.zdnet.com/article/cluster-of-295-chrome-extensions-caught-hijacking-google-and-bing-search-results/
aeklcpmgaadjpglhjmcidlekijpnmdhc,0,https://www.zdnet.com/article/cluster-of-295-chrome-extensions-caught-hijacking-google-and-bing-search-results/
afifalglopajkmdkgnphpfkmgpgdngfj,0,https://www.zdnet.com/article/cluster-of-295-chrome-extensions-caught-hijacking-google-and-bing-search-results/
agldjlpmeladgadoikdbndmeljpmnajl,0,https://www.zdnet.com/article/cluster-of-295-chrome-extensions-caught-hijacking-google-and-bing-search-results/
ahmmgfhcokekfofjdndgmkffifklogbo,0,https://www.zdnet.com/article/cluster-of-295-chrome-extensions-caught-hijacking-google-and-bing-search-results/
aippaajbmefpjeajhgaahmicdpgepnnm,0,https://www.zdnet.com/article/cluster-of-295-chrome-extensions-caught-hijacking-google-and-bing-search-results/
akdpobnbjepjbnjklkkbdafemhnbfldj,0,https://www.zdnet.com/article/cluster-of-295-chrome-extensions-caught-hijacking-google-and-bing-search-results/
akhiflcfcbnheaofcaflofbmnkmjlnno,0,https://www.zdnet.com/article/cluster-of-295-chrome-extensions-caught-hijacking-google-and-bing-search-results/
aklklkifmplgnobmieahildcfbleamdb,0,https://www.zdnet.com/article/cluster-of-295-chrome-extensions-caught-hijacking-google-and-bing-search-results/
alppaffmlaefpmopolgpkgmncopkbbep,0,https://www.zdnet.com/article/cluster-of-295-chrome-extensions-caught-hijacking-google-and-bing-search-results/
amdnpfcpjglkdfcigaccfgmlmdepdpeo,0,https://www.zdnet.com/article/cluster-of-295-chrome-extensions-caught-hijacking-google-and-bing-search-results/
aomepndmhbbklcjcknnhdabaaofahjcj,0,https://www.zdnet.com/article/cluster-of-295-chrome-extensions-caught-hijacking-google-and-bing-search-results/
badbchbijjjadlpjkkhmefaghggjjeha,0,https://www.zdnet.com/article/cluster-of-295-chrome-extensions-caught-hijacking-google-and-bing-search-results/
bbbdfjdplonnggfjjbjhggobffkggnkm,0,https://www.zdnet.com/article/cluster-of-295-chrome-extensions-caught-hijacking-google-and-bing-search-results/
bbdldenhkjcoikalkfkgolomdpnncofc,0,https://www.zdnet.com/article/cluster-of-295-chrome-extensions-caught-hijacking-google-and-bing-search-results/
bcdjcbgogdomoebdcbniaifnacjbglil,0,https://www.zdnet.com/article/cluster-of-295-chrome-extensions-caught-hijacking-google-and-bing-search-results/
bcepmajicjlaoleoljbpaemkfghohmib,0,https://www.zdnet.com/article/cluster-of-295-chrome-extensions-caught-hijacking-google-and-bing-search-results/
bdbablmeheiahecklheciomhmkplcoml,0,https://www.zdnet.com/article/cluster-of-295-chrome-extensions-caught-hijacking-google-and-bing-search-results/
bfeecodfffgkdedfhmgbfindokikafid,0,https://www.zdnet.com/article/cluster-of-295-chrome-extensions-caught-hijacking-google-and-bing-search-results/
bhifimmocncplbnikchffepggmofkake,0,https://www.zdnet.com/article/cluster-of-295-chrome-extensions-caught-hijacking-google-and-bing-search-results/
blipiofdiknkllpajgepiiigfmfgnfep,0,https://www.zdnet.com/article/cluster-of-295-chrome-extensions-caught-hijacking-google-and-bing-search-results/
bmagbmnmkaknlnoohbmobfmlgndijecb,0,https://www.zdnet.com/article/cluster-of-295-chrome-extensions-caught-hijacking-google-and-bing-search-results/
bnecbeikepeloplclngelcgmgdnafhlp,0,https://www.zdnet.com/article/cluster-of-295-chrome-extensions-caught-hijacking-google-and-bing-search-results/
bpnmalopmgpilaoikaeafokedkkonhea,0,https://www.zdnet.com/article/cluster-of-295-chrome-extensions-caught-hijacking-google-and-bing-search-results/
cbncogjaakomibjcgdkpdjmlhfcjfojc,0,https://www.zdnet.com/article/cluster-of-295-chrome-extensions-caught-hijacking-google-and-bing-search-results/
ccgmdfdcnpcfmpceggggmnhbolkhlffi,0,https://www.zdnet.com/article/cluster-of-295-chrome-extensions-caught-hijacking-google-and-bing-search-results/
ccmnnlcciddhkdllgfmkojmmmpahdhlp,0,https://www.zdnet.com/article/cluster-of-295-chrome-extensions-caught-hijacking-google-and-bing-search-results/
cdpmhflbdaoifgkmlhpfkbfgcifchgpn,0,https://www.zdnet.com/article/cluster-of-295-chrome-extensions-caught-hijacking-google-and-bing-search-results/
cepgcjakdboolfkcbihdokfjjkeaddin,0,https://www.zdnet.com/article/cluster-of-295-chrome-extensions-caught-hijacking-google-and-bing-search-results/
cfadfngejcdogjkkdohpkgeodjooogip,0,https://www.zdnet.com/article/cluster-of-295-chrome-extensions-caught-hijacking-google-and-bing-search-results/
cgdmknakejoaompdmdeddpgmjffnniab,0,https://www.zdnet.com/article/cluster-of-295-chrome-extensions-caught-hijacking-google-and-bing-search-results/
cgodgjmdljiecnbcgdampafcmlgmfmid,0,https://www.zdnet.com/article/cluster-of-295-chrome-extensions-caught-hijacking-google-and-bing-search-results/
cibigjhoekijbagpgcgpgimebaiocdgm,0,https://www.zdnet.com/article/cluster-of-295-chrome-extensions-caught-hijacking-google-and-bing-search-results/
cjbdbomgdbdgdlainhobpjnfkoidcond,0,https://www.zdnet.com/article/cluster-of-295-chrome-extensions-caught-hijacking-google-and-bing-search-results/
clndgmolhlkchkbiinamamnbibkakiml,0,https://www.zdnet.com/article/cluster-of-295-chrome-extensions-caught-hijacking-google-and-bing-search-results/
cmbfgkkjfkmmhalhebnhmanbenfghkcm,0,https://www.zdnet.com/article/cluster-of-295-chrome-extensions-caught-hijacking-google-and-bing-search-results/
cncepimkmnhgbjmbcgoomegdkdhplihm,0,https://www.zdnet.com/article/cluster-of-295-chrome-extensions-caught-hijacking-google-and-bing-search-results/
cnfbbaddndiehkmhdmmngecaofaojaeo,0,https://www.zdnet.com/article/cluster-of-295-chrome-extensions-caught-hijacking-google-and-bing-search-results/
codilkcdacpeklilmgjknekfpminaieo,0,https://www.zdnet.com/article/cluster-of-295-chrome-extensions-caught-hijacking-google-and-bing-search-results/
dakenmmdlklnjdpdfmdjccpeapmijaad,0,https://www.zdnet.com/article/cluster-of-295-chrome-extensions-caught-hijacking-google-and-bing-search-results/
dapecdhpbakbfcoijjpdfoffnajhifej,0,https://www.zdnet.com/article/cluster-of-295-chrome-extensions-caught-hijacking-google-and-bing-search-results/
dckadbanpeemhkphnnllamgolhbbbebi,0,https://www.zdnet.com/article/cluster-of-295-chrome-extensions-caught-hijacking-google-and-bing-search-results/
ddodaoihhhohncjalnjgmgnlfhgckgdj,0,https://www.zdnet.com/article/cluster-of-295-chrome-extensions-caught-hijacking-google-and-bing-search-results/
dhbhgfiodedkhgocailljbhcfjhplibb,0,https://www.zdnet.com/article/cluster-of-295-chrome-extensions-caught-hijacking-google-and-bing-search-results/
dhcnonhheahlocjbbpkbammanpenpfop,0,https://www.zdnet.com/article/cluster-of-295-chrome-extensions-caught-hijacking-google-and-bing-search-results/
dhgmdjkeagnhamkedcejighocjkkijli,0,https://www.zdnet.com/article/cluster-of-295-chrome-extensions-caught-hijacking-google-and-bing-search-results/
dinlhhblgeikohhbfkcoeggglbjlanhg,0,https://www.zdnet.com/article/cluster-of-295-chrome-extensions-caught-hijacking-google-and-bing-search-results/
djjdjlbigcdjlghdioabbkjhdelmdhai,0,https://www.zdnet.com/article/cluster-of-295-chrome-extensions-caught-hijacking-google-and-bing-search-results/
dkcppkdodfegjkeefohjancleioblabi,0,https://www.zdnet.com/article/cluster-of-295-chrome-extensions-caught-hijacking-google-and-bing-search-results/
dkfbfgncahnfghoemhmmlfefhpolihom,0,https://www.zdnet.com/article/cluster-of-295-chrome-extensions-caught-hijacking-google-and-bing-search-results/
dmklpmfpkokephcjdmocddkhilglgajl,0,https://www.zdnet.com/article/cluster-of-295-chrome-extensions-caught-hijacking-google-and-bing-search-results/
dnimnhhaiphlclcocakkfgnnekoggjpl,0,https://www.zdnet.com/article/cluster-of-295-chrome-extensions-caught-hijacking-google-and-bing-search-results/
doecpeonnonddhfpabfgblijljennlcj,0,https://www.zdnet.com/article/cluster-of-295-chrome-extensions-caught-hijacking-google-and-bing-search-results/
dofbgmolpdoknlknfjddecnahgjpinpb,0,https://www.zdnet.com/article/cluster-of-295-chrome-extensions-caught-hijacking-google-and-bing-search-results/
dppogkehbpnikehcmadgkbimjnmhdnlo,0,https://www.zdnet.com/article/cluster-of-295-chrome-extensions-caught-hijacking-google-and-bing-search-results/
eapceolnilleaiiaapgionibccekkeom,0,https://www.zdnet.com/article/cluster-of-295-chrome-extensions-caught-hijacking-google-and-bing-search-results/
ecaejcfpngljeinjmahknbemhnddiioe,0,https://www.zdnet.com/article/cluster-of-295-chrome-extensions-caught-hijacking-google-and-bing-search-results/
ecgafllkghmmbnhacnpcobibalonhkkj,0,https://www.zdnet.com/article/cluster-of-295-chrome-extensions-caught-hijacking-google-and-bing-search-results/
edfmeionipdoohiagoaefljjhififgnl,0,https://www.zdnet.com/article/cluster-of-295-chrome-extensions-caught-hijacking-google-and-bing-search-results/
edgbooeklapanaclbchdiaekalebmfgb,0,https://www.zdnet.com/article/cluster-of-295-chrome-extensions-caught-hijacking-google-and-bing-search-results/
edohegfjelahakooigmnmkmjofcjgofe,0,https://www.zdnet.com/article/cluster-of-295-chrome-extensions-caught-hijacking-google-and-bing-search-results/
eeeiekjkpbneogggaajnjldadjmclhlo,0,https://www.zdnet.com/article/cluster-of-295-chrome-extensions-caught-hijacking-google-and-bing-search-results/
eejkpejdfojkbklnlnpgpojoidojbhnh,0,https://www.zdnet.com/article/cluster-of-295-chrome-extensions-caught-hijacking-google-and-bing-search-results/
efckalhlcogbdbfopffmbacghfoelaia,0,https://www.zdnet.com/article/cluster-of-295-chrome-extensions-caught-hijacking-google-and-bing-search-results/
efnaoofiidefjeefpnheopknaciohldg,0,https://www.zdnet.com/article/cluster-of-295-chrome-extensions-caught-hijacking-google-and-bing-search-results/
egdpmjnldpefdaiekiapjkanabfiaodp,0,https://www.zdnet.com/article/cluster-of-295-chrome-extensions-caught-hijacking-google-and-bing-search-results/
egicjjdcjhfdnejimnhngogjmoajffpm,0,https://www.zdnet.com/article/cluster-of-295-chrome-extensions-caught-hijacking-google-and-bing-search-results/
ejcefeinlmdmpnohebfckmodhdkhlgmk,0,https://www.zdnet.com/article/cluster-of-295-chrome-extensions-caught-hijacking-google-and-bing-search-results/
ejighbgeedkpcambhfkohdalcgckdein,0,https://www.zdnet.com/article/cluster-of-295-chrome-extensions-caught-hijacking-google-and-bing-search-results/
empoeejllbcgpkmghimibnapemegnihf,0,https://www.zdnet.com/article/cluster-of-295-chrome-extensions-caught-hijacking-google-and-bing-search-results/
enlaekiichndcbohopenblignipkjaoa,0,https://www.zdnet.com/article/cluster-of-295-chrome-extensions-caught-hijacking-google-and-bing-search-results/
enmomapaolnpbaenhilkjhmobpggjcpm,0,https://www.zdnet.com/article/cluster-of-295-chrome-extensions-caught-hijacking-google-and-bing-search-results/
eohabjkmhajbeaejogdikpgapkeigdki,0,https://www.zdnet.com/article/cluster-of-295-chrome-extensions-caught-hijacking-google-and-bing-search-results/
eoijplcnfnjgofchhdkkhpfcjkcefgkb,0,https://www.zdnet.com/article/cluster-of-295-chrome-extensions-caught-hijacking-google-and-bing-search-results/
facihnceaoboeoembnbmdlecmkpioacc,0,https://www.zdnet.com/article/cluster-of-295-chrome-extensions-caught-hijacking-google-and-bing-search-results/
fagaafjhdmoagacggplmbpganjfjjpcf,0,https://www.zdnet.com/article/cluster-of-295-chrome-extensions-caught-hijacking-google-and-bing-search-results/
fanonokndfeibplocpeipgfbopkigcce,0,https://www.zdnet.com/article/cluster-of-295-chrome-extensions-caught-hijacking-google-and-bing-search-results/
faokbgedcfhnfecloigcihpplicdnann,0,https://www.zdnet.com/article/cluster-of-295-chrome-extensions-caught-hijacking-google-and-bing-search-results/
fcdopghpidfdeglcheccmehiaedgpmkm,0,https://www.zdnet.com/article/cluster-of-295-chrome-extensions-caught-hijacking-google-and-bing-search-results/
fdacngbbemokpkmdkdefkoodndakgejc,0,https://www.zdnet.com/article/cluster-of-295-chrome-extensions-caught-hijacking-google-and-bing-search-results/
fdfffeipjpofnkmdkadjcjohdfoeblhk,0,https://www.zdnet.com/article/cluster-of-295-chrome-extensions-caught-hijacking-google-and-bing-search-results/
ffhamkjhfajcjlnobkogimnhiagohgfg,0,https://www.zdnet.com/article/cluster-of-295-chrome-extensions-caught-hijacking-google-and-bing-search-results/
fjnbjacfigdidgeeommhbdhnojamhpfg,0,https://www.zdnet.com/article/cluster-of-295-chrome-extensions-caught-hijacking-google-and-bing-search-results/
fjohhelccbogecmolmjemopgackpnmpg,0,https://www.zdnet.com/article/cluster-of-295-chrome-extensions-caught-hijacking-google-and-bing-search-results/
flagaiaajbikpfnnkodcphdcmgefmbcl,0,https://www.zdnet.com/article/cluster-of-295-chrome-extensions-caught-hijacking-google-and-bing-search-results/
flgfngbiaanimkhjkojnmilfalidpign,0,https://www.zdnet.com/article/cluster-of-295-chrome-extensions-caught-hijacking-google-and-bing-search-results/
fmngfipkcebejdconcibohjjgfmokhpa,0,https://www.zdnet.com/article/cluster-of-295-chrome-extensions-caught-hijacking-google-and-bing-search-results/
fnblapfcdifokdbkpcbhpkajlkgmcjii,0,https://www.zdnet.com/article/cluster-of-295-chrome-extensions-caught-hijacking-google-and-bing-search-results/
fpdjcfokkeooncckcolkmmppebjnfhgh,0,https://www.zdnet.com/article/cluster-of-295-chrome-extensions-caught-hijacking-google-and-bing-search-results/
fphafkamioonlcelldogidajbcmmicco,0,https://www.zdnet.com/article/cluster-of-295-chrome-extensions-caught-hijacking-google-and-bing-search-results/
fpjbgjpkfcanmdgjpmnnmoekkaahmafg,0,https://www.zdnet.com/article/cluster-of-295-chrome-extensions-caught-hijacking-google-and-bing-search-results/
fplmpcijomgjmfbjcidbgpjdmhmamlkf,0,https://www.zdnet.com/article/cluster-of-295-chrome-extensions-caught-hijacking-google-and-bing-search-results/
gdacidkmmbdpkedejaljplnfhjidomio,0,https://www.zdnet.com/article/cluster-of-295-chrome-extensions-caught-hijacking-google-and-bing-search-results/
gdoomgeeelkgcmmoibloelbodkpggdle,0,https://www.zdnet.com/article/cluster-of-295-chrome-extensions-caught-hijacking-google-and-bing-search-results/
geoolholooeeblajdjffdmknpecbkmah,0,https://www.zdnet.com/article/cluster-of-295-chrome-extensions-caught-hijacking-google-and-bing-search-results/
ghfgeefhkkoajgmnopaldgcagohakhmg,0,https://www.zdnet.com/article/cluster-of-295-chrome-extensions-caught-hijacking-google-and-bing-search-results/
ghhanhhegklhcoffmgkdbiekfhmbfbnc,0,https://www.zdnet.com/article/cluster-of-295-chrome-extensions-caught-hijacking-google-and-bing-search-results/
gjkigcdoljdojaaomnadffdhggoobdpc,0,https://www.zdnet.com/article/cluster-of-295-chrome-extensions-caught-hijacking-google-and-bing-search-results/
gkjkhpbembbjogoiejpkehohclfoljbp,0,https://www.zdnet.com/article/cluster-of-295-chrome-extensions-caught-hijacking-google-and-bing-search-results/
glibnbcgclecomknccifdaglefljfoej,0,https://www.zdnet.com/article/cluster-of-295-chrome-extensions-caught-hijacking-google-and-bing-search-results/
gllogphgdmclhfledlcgmdolngohamcl,0,https://www.zdnet.com/article/cluster-of-295-chrome-extensions-caught-hijacking-google-and-bing-search-results/
haagbldencigkgikfekmoaaofambnafp,0,https://www.zdnet.com/article/cluster-of-295-chrome-extensions-caught-hijacking-google-and-bing-search-results/
haglbigaalkckkedjamjibfnklbbodck,0,https://www.zdnet.com/article/cluster-of-295-chrome-extensions-caught-hijacking-google-and-bing-search-results/
hcgepcgbgnleafnfcepjbekchbdmekfa,0,https://www.zdnet.com/article/cluster-of-295-chrome-extensions-caught-hijacking-google-and-bing-search-results/
hdbchphkjjidcfidaelcpmonodhhaahp,0,https://www.zdnet.com/article/cluster-of-295-chrome-extensions-caught-hijacking-google-and-bing-search-results/
hdljgflalglmllbagpacjmkdiggliidk,0,https://www.zdnet.com/article/cluster-of-295-chrome-extensions-caught-hijacking-google-and-bing-search-results/
hdpnlijiblkmokbjljbahhgkpokgpkli,0,https://www.zdnet.com/article/cluster-of-295-chrome-extensions-caught-hijacking-google-and-bing-search-results/
heaphjoejcpdagahbnkkloiaicpadomp,0,https://www.zdnet.com/article/cluster-of-295-chrome-extensions-caught-hijacking-google-and-bing-search-results/
hjfmdhbmpagpfheceengkakdmpncmlif,0,https://www.zdnet.com/article/cluster-of-295-chrome-extensions-caught-hijacking-google-and-bing-search-results/
hjkjkmkoklbhjhlddialffkchddlncjb,0,https://www.zdnet.com/article/cluster-of-295-chrome-extensions-caught-hijacking-google-and-bing-search-results/
hjoihkjijjbkiglgeghbokincmidfped,0,https://www.zdnet.com/article/cluster-of-295-chrome-extensions-caught-hijacking-google-and-bing-search-results/
hncokbmdmbmmlkjhoagcpokehopdikhc,0,https://www.zdnet.com/article/cluster-of-295-chrome-extensions-caught-hijacking-google-and-bing-search-results/
hnhpnbajfmmopedidmiablkcdnlegkmd,0,https://www.zdnet.com/article/cluster-of-295-chrome-extensions-caught-hijacking-google-and-bing-search-results/
homdfmaeflodjknffbnhagmlhmgmbjac,0,https://www.zdnet.com/article/cluster-of-295-chrome-extensions-caught-hijacking-google-and-bing-search-results/
iccagibmclklcmiejfddepgffgkhnnib,0,https://www.zdnet.com/article/cluster-of-295-chrome-extensions-caught-hijacking-google-and-bing-search-results/
idkllmolbaiailjfidkjcidapkddidbg,0,https://www.zdnet.com/article/cluster-of-295-chrome-extensions-caught-hijacking-google-and-bing-search-results/
ifbffcgakkboaffkidggpcjolehhhbfd,0,https://www.zdnet.com/article/cluster-of-295-chrome-extensions-caught-hijacking-google-and-bing-search-results/
ifdebecchhapkfdbcbhpmjonmbpfpnck,0,https://www.zdnet.com/article/cluster-of-295-chrome-extensions-caught-hijacking-google-and-bing-search-results/
igbcfkjflkgamnoikcpiljglnmjnkjac,0,https://www.zdnet.com/article/cluster-of-295-chrome-extensions-caught-hijacking-google-and-bing-search-results/
iiblgogamkmdfojoclpdhainbndfpcci,0,https://www.zdnet.com/article/cluster-of-295-chrome-extensions-caught-hijacking-google-and-bing-search-results/
inkankpmoblmficechfgfinajifbfkdn,0,https://www.zdnet.com/article/cluster-of-295-chrome-extensions-caught-hijacking-google-and-bing-search-results/
ioejcipbmdjinhfciojiacdjolkabkmn,0,https://www.zdnet.com/article/cluster-of-295-chrome-extensions-caught-hijacking-google-and-bing-search-results/
iojhbljpppeociniiemjfelmdcgikmep,0,https://www.zdnet.com/article/cluster-of-295-chrome-extensions-caught-hijacking-google-and-bing-search-results/
ipgnnndhgeaclopjgiihppbbfnmkmjcm,0,https://www.zdnet.com/article/cluster-of-295-chrome-extensions-caught-hijacking-google-and-bing-search-results/
jckaglinbbflgcklfgacjdmgpnccmdng,0,https://www.zdnet.com/article/cluster-of-295-chrome-extensions-caught-hijacking-google-and-bing-search-results/
jfocahgaekfaemhfcfefcodphgpinnch,0,https://www.zdnet.com/article/cluster-of-295-chrome-extensions-caught-hijacking-google-and-bing-search-results/
jgbkgjepkeklblmlhnpjmnbinmifjenc,0,https://www.zdnet.com/article/cluster-of-295-chrome-extensions-caught-hijacking-google-and-bing-search-results/
jlbebokeclkofhchdepbojfhmocdlhfl,0,https://www.zdnet.com/article/cluster-of-295-chrome-extensions-caught-hijacking-google-and-bing-search-results/
jlbhkoohfmnikpalgglhpadlbeiobkaa,0,https://www.zdnet.com/article/cluster-of-295-chrome-extensions-caught-hijacking-google-and-bing-search-results/
jmlbnlcodmikhdpbjjdemgaebjgmpooa,0,https://www.zdnet.com/article/cluster-of-295-chrome-extensions-caught-hijacking-google-and-bing-search-results/
jnmckphflgdpioinbjaeckdajkbgcfgg,0,https://www.zdnet.com/article/cluster-of-295-chrome-extensions-caught-hijacking-google-and-bing-search-results/
kcjahchbheejjpdpohgfkaoknhcdjjnh,0,https://www.zdnet.com/article/cluster-of-295-chrome-extensions-caught-hijacking-google-and-bing-search-results/
kdihodbgfndblemlklkllhfjhiidbgih,0,https://www.zdnet.com/article/cluster-of-295-chrome-extensions-caught-hijacking-google-and-bing-search-results/
kefmhdhaebhmdeaabcgoaegmgodncebc,0,https://www.zdnet.com/article/cluster-of-295-chrome-extensions-caught-hijacking-google-and-bing-search-results/
kicmnilchjfefpceoaiopdpbpkicgjjm,0,https://www.zdnet.com/article/cluster-of-295-chrome-extensions-caught-hijacking-google-and-bing-search-results/
kigiheamdfmilbhkfdploghfnndcgkko,0,https://www.zdnet.com/article/cluster-of-295-chrome-extensions-caught-hijacking-google-and-bing-search-results/
kjgceeikbnmddoaggelkkpljdabhghkc,0,https://www.zdnet.com/article/cluster-of-295-chrome-extensions-caught-hijacking-google-and-bing-search-results/
kkeojhapoadcdlmkjlakdbhfkldbbmgi,0,https://www.zdnet.com/article/cluster-of-295-chrome-extensions-caught-hijacking-google-and-bing-search-results/
klblfmpeelmpnadjahhdakiomhaepogb,0,https://www.zdnet.com/article/cluster-of-295-chrome-extensions-caught-hijacking-google-and-bing-search-results/
kmfiklhdkhidbmofjbgmpeaogglkndpe,0,https://www.zdnet.com/article/cluster-of-295-chrome-extensions-caught-hijacking-google-and-bing-search-results/
knacgnmpceaffedmgegknkfcnejjhdpp,0,https://www.zdnet.com/article/cluster-of-295-chrome-extensions-caught-hijacking-google-and-bing-search-results/
kppjffaccdlhfeleafnohmfkgimdjmgg,0,https://www.zdnet.com/article/cluster-of-295-chrome-extensions-caught-hijacking-google-and-bing-search-results/
lbbegfjhlhpikmhbdcfcoadegdldmaen,0,https://www.zdnet.com/article/cluster-of-295-chrome-extensions-caught-hijacking-google-and-bing-search-results/
lbjgbekokephmmfllmpglefmoaihklpn,0,https://www.zdnet.com/article/cluster-of-295-chrome-extensions-caught-hijacking-google-and-bing-search-results/
lblnngjkgcpplmddebmefokmccpflhip,0,https://www.zdnet.com/article/cluster-of-295-chrome-extensions-caught-hijacking-google-and-bing-search-results/
lcdabcbanafchdlcbdjgngcplnkijala,0,https://www.zdnet.com/article/cluster-of-295-chrome-extensions-caught-hijacking-google-and-bing-search-results/
lcgjhoonomcmjpbnijfohbdhhjmhjlal,0,https://www.zdnet.com/article/cluster-of-295-chrome-extensions-caught-hijacking-google-and-bing-search-results/
ldkienofjncecbbnmhpngiiidekfcdoe,0,https://www.zdnet.com/article/cluster-of-295-chrome-extensions-caught-hijacking-google-and-bing-search-results/
lemhpidjofhodofghkakoglahdafpcbe,0,https://www.zdnet.com/article/cluster-of-295-chrome-extensions-caught-hijacking-google-and-bing-search-results/
lgekbdjboenacbkiabfkkcpjgacmjcdg,0,https://www.zdnet.com/article/cluster-of-295-chrome-extensions-caught-hijacking-google-and-bing-search-results/
lggmpibegkcnfogpophgnchognofcdgo,0,https://www.zdnet.com/article/cluster-of-295-chrome-extensions-caught-hijacking-google-and-bing-search-results/
ljppknljdefmnkckkdjaokhlncbiehgo,0,https://www.zdnet.com/article/cluster-of-295-chrome-extensions-caught-hijacking-google-and-bing-search-results/
lkdahidfbdadmblpkopllegopldfbhge,0,https://www.zdnet.com/article/cluster-of-295-chrome-extensions-caught-hijacking-google-and-bing-search-results/
llngndcpphncgeledehpklbeheadnoan,0,https://www.zdnet.com/article/cluster-of-295-chrome-extensions-caught-hijacking-google-and-bing-search-results/
lmmdoemglmnjenhfcjkhgpkgiedcejmn,0,https://www.zdnet.com/article/cluster-of-295-chrome-extensions-caught-hijacking-google-and-bing-search-results/
lniooknjghghdjoehegcoinmbhdbhcck,0,https://www.zdnet.com/article/cluster-of-295-chrome-extensions-caught-hijacking-google-and-bing-search-results/
makliapgjjpdkkaikobcmdhkfbfcoafk,0,https://www.zdnet.com/article/cluster-of-295-chrome-extensions-caught-hijacking-google-and-bing-search-results/
maohnjppabopdhfkholcdkpehdojnpoc,0,https://www.zdnet.com/article/cluster-of-295-chrome-extensions-caught-hijacking-google-and-bing-search-results/
mcadalidfbmnponoamfdjlahdeheommb,0,https://www.zdnet.com/article/cluster-of-295-chrome-extensions-caught-hijacking-google-and-bing-search-results/
mcafdholbcjhepgnpfdogaiagjmlfcon,0,https://www.zdnet.com/article/cluster-of-295-chrome-extensions-caught-hijacking-google-and-bing-search-results/
meioomnaphfjchjidcfnbadkbaaoanok,0,https://www.zdnet.com/article/cluster-of-295-chrome-extensions-caught-hijacking-google-and-bing-search-results/
mjbmelinkhpkmbjnocdklkjpiilpikba,0,https://www.zdnet.com/article/cluster-of-295-chrome-extensions-caught-hijacking-google-and-bing-search-results/
mkghdamdheccacmkmnchkaoljoflpoek,0,https://www.zdnet.com/article/cluster-of-295-chrome-extensions-caught-hijacking-google-and-bing-search-results/
mkjcnnfcmmniieaidfadidepdgfppfdj,0,https://www.zdnet.com/article/cluster-of-295-chrome-extensions-caught-hijacking-google-and-bing-search-results/
mmhaojkmpbmgbkojlagnhmjlfmnaglla,0,https://www.zdnet.com/article/cluster-of-295-chrome-extensions-caught-hijacking-google-and-bing-search-results/
mmlhchoolkdnmnddgmoohigffekjnofo,0,https://www.zdnet.com/article/cluster-of-295-chrome-extensions-caught-hijacking-google-and-bing-search-results/
mmmapklofkmbcahafjmiogdbmpagimlp,0,https://www.zdnet.com/article/cluster-of-295-chrome-extensions-caught-hijacking-google-and-bing-search-results/
mngcfgonjbdbdbifcbhmdiddloganbcc,0,https://www.zdnet.com/article/cluster-of-295-chrome-extensions-caught-hijacking-google-and-bing-search-results/
mnnpffgmgkbdllleeihdgfgleomdhacm,0,https://www.zdnet.com/article/cluster-of-295-chrome-extensions-caught-hijacking-google-and-bing-search-results/
moalaminambcgbljenplldelnhnaikke,0,https://www.zdnet.com/article/cluster-of-295-chrome-extensions-caught-hijacking-google-and-bing-search-results/
moljhdcbomchgdffhddpicbokacnbjoj,0,https://www.zdnet.com/article/cluster-of-295-chrome-extensions-caught-hijacking-google-and-bing-search-results/
mpdpjfobafahmgicjmpnfklbphhlacel,0,https://www.zdnet.com/article/cluster-of-295-chrome-extensions-caught-hijacking-google-and-bing-search-results/
mpfleoaldoclbjhfkgbmnelkkbolbegl,0,https://www.zdnet.com/article/cluster-of-295-chrome-extensions-caught-hijacking-google-and-bing-search-results/
nafbodmhgaabbfchodpkmpnibgjmeeei,0,https://www.zdnet.com/article/cluster-of-295-chrome-extensions-caught-hijacking-google-and-bing-search-results/
naofchadlleomaipaienfedidkiodamo,0,https://www.zdnet.com/article/cluster-of-295-chrome-extensions-caught-hijacking-google-and-bing-search-results/
nbbeiofjfjmnicfhkfbjdggbclmbaioc,0,https://www.zdnet.com/article/cluster-of-295-chrome-extensions-caught-hijacking-google-and-bing-search-results/
nbblafbmmogmlhejjondcclcgbkdmjln,0,https://www.zdnet.com/article/cluster-of-295-chrome-extensions-caught-hijacking-google-and-bing-search-results/
nbekcbebginchflfegofcjjmojpppnad,0,https://www.zdnet.com/article/cluster-of-295-chrome-extensions-caught-hijacking-google-and-bing-search-results/
nbhjdcacphemibgeamjkmeknfeffgngk,0,https://www.zdnet.com/article/cluster-of-295-chrome-extensions-caught-hijacking-google-and-bing-search-results/
nchffcpkbehklpbdodlakgdbnkdcnpbi,0,https://www.zdnet.com/article/cluster-of-295-chrome-extensions-caught-hijacking-google-and-bing-search-results/
nckldhnoondmiheikhblobkgcfchcbld,0,https://www.zdnet.com/article/cluster-of-295-chrome-extensions-caught-hijacking-google-and-bing-search-results/
ncnonnloajjbpdpgnelmlbflmbhlilid,0,https://www.zdnet.com/article/cluster-of-295-chrome-extensions-caught-hijacking-google-and-bing-search-results/
ncpjlhellnlcjnjmablbaingipdemidh,0,https://www.zdnet.com/article/cluster-of-295-chrome-extensions-caught-hijacking-google-and-bing-search-results/
ndchgkeilnpiefnoagcbnlellpcfmjic,0,https://www.zdnet.com/article/cluster-of-295-chrome-extensions-caught-hijacking-google-and-bing-search-results/
ndeejbgcbhehjpjmngniokeleedmjmap,0,https://www.zdnet.com/article/cluster-of-295-chrome-extensions-caught-hijacking-google-and-bing-search-results/
ndihciopmidkbamcfgpdmojcpalolfgo,0,https://www.zdnet.com/article/cluster-of-295-chrome-extensions-caught-hijacking-google-and-bing-search-results/
neafafemicnbclhpojeoiemihogeejhl,0,https://www.zdnet.com/article/cluster-of-295-chrome-extensions-caught-hijacking-google-and-bing-search-results/
nekimocmhfdimckbgchifahcgafhnagb,0,https://www.zdnet.com/article/cluster-of-295-chrome-extensions-caught-hijacking-google-and-bing-search-results/
nenaiblmmandfgaiifppcegejpinkebl,0,https://www.zdnet.com/article/cluster-of-295-chrome-extensions-caught-hijacking-google-and-bing-search-results/
neplbnhjlkmpekfcjibdidioejnhejfl,0,https://www.zdnet.com/article/cluster-of-295-chrome-extensions-caught-hijacking-google-and-bing-search-results/
nepnhilmahdmejhghfbjhhabaioioeel,0,https://www.zdnet.com/article/cluster-of-295-chrome-extensions-caught-hijacking-google-and-bing-search-results/
nfanjklinojeimbhmfliomdihldjhfpm,0,https://www.zdnet.com/article/cluster-of-295-chrome-extensions-caught-hijacking-google-and-bing-search-results/
nfebelgoldoapjgfkekcmbddpljakakp,0,https://www.zdnet.com/article/cluster-of-295-chrome-extensions-caught-hijacking-google-and-bing-search-results/
nfhbpopnbgigkljgmelpfncnghjpdopf,0,https://www.zdnet.com/article/cluster-of-295-chrome-extensions-caught-hijacking-google-and-bing-search-results/
nfpnclghflfcgkgdjcbpoljlafndbomk,0,https://www.zdnet.com/article/cluster-of-295-chrome-extensions-caught-hijacking-google-and-bing-search-results/
ngaccohdjpkgnghichikgcpfagnoeeim,0,https://www.zdnet.com/article/cluster-of-295-chrome-extensions-caught-hijacking-google-and-bing-search-results/
ngajighkghnbfnleddljedblnjaggebo,0,https://www.zdnet.com/article/cluster-of-295-chrome-extensions-caught-hijacking-google-and-bing-search-results/
ngchnhjdpgpkapghgpncmommhelegfbh,0,https://www.zdnet.com/article/cluster-of-295-chrome-extensions-caught-hijacking-google-and-bing-search-results/
ngeofnobniohmdmdkliflkeppfgbjpgn,0,https://www.zdnet.com/article/cluster-of-295-chrome-extensions-caught-hijacking-google-and-bing-search-results/
nglggaejaflihehbajhppedepephbfae,0,https://www.zdnet.com/article/cluster-of-295-chrome-extensions-caught-hijacking-google-and-bing-search-results/
nhnemamgicdjigoedllaicngcfihkmhf,0,https://www.zdnet.com/article/cluster-of-295-chrome-extensions-caught-hijacking-google-and-bing-search-results/
nhneoegahiihkkgdindfdnobhhhlpfnm,0,https://www.zdnet.com/article/cluster-of-295-chrome-extensions-caught-hijacking-google-and-bing-search-results/
njablodeioakdgahodegclphmnbaphin,0,https://www.zdnet.com/article/cluster-of-295-chrome-extensions-caught-hijacking-google-and-bing-search-results/
njdegihoinoiplfpbcckmjahlnpeipii,0,https://www.zdnet.com/article/cluster-of-295-chrome-extensions-caught-hijacking-google-and-bing-search-results/
njliieipbkencklladfemkkipmfcjiom,0,https://www.zdnet.com/article/cluster-of-295-chrome-extensions-caught-hijacking-google-and-bing-search-results/
nklckhbegicdajpehmmpbnpelkdjmdoc,0,https://www.zdnet.com/article/cluster-of-295-chrome-extensions-caught-hijacking-google-and-bing-search-results/
nkopnpaipcceikcmfcjlacgkjoglodag,0,https://www.zdnet.com/article/cluster-of-295-chrome-extensions-caught-hijacking-google-and-bing-search-results/
nldffbaphciaaophmdnikgkengbmigli,0,https://www.zdnet.com/article/cluster-of-295-chrome-extensions-caught-hijacking-google-and-bing-search-results/
nmkfcjaghjoedelgkomoifnpdejjpcbj,0,https://www.zdnet.com/article/cluster-of-295-chrome-extensions-caught-hijacking-google-and-bing-search-results/
nmlmdkblidkckbhidgfgghajlkgjijkp,0,https://www.zdnet.com/article/cluster-of-295-chrome-extensions-caught-hijacking-google-and-bing-search-results/
nnceiipjfkdobpenbmnajbkdfiklajgl,0,https://www.zdnet.com/article/cluster-of-295-chrome-extensions-caught-hijacking-google-and-bing-search-results/
noiinnecebffnjggilfhailhhgdilbld,0,https://www.zdnet.com/article/cluster-of-295-chrome-extensions-caught-hijacking-google-and-bing-search-results/
nojmjafalbmmoohpmjphalepmfnmhfao,0,https://www.zdnet.com/article/cluster-of-295-chrome-extensions-caught-hijacking-google-and-bing-search-results/
npcndkopgafkjggoledlgfblodppnckj,0,https://www.zdnet.com/article/cluster-of-295-chrome-extensions-caught-hijacking-google-and-bing-search-results/
nphiadicgehlpbniemnkhinphngoeaeg,0,https://www.zdnet.com/article/cluster-of-295-chrome-extensions-caught-hijacking-google-and-bing-search-results/
oaihijkoodmmaibfhojdinffpinmhdji,0,https://www.zdnet.com/article/cluster-of-295-chrome-extensions-caught-hijacking-google-and-bing-search-results/
oanlnaeipdakcmafockfiekhdklfidjb,0,https://www.zdnet.com/article/cluster-of-295-chrome-extensions-caught-hijacking-google-and-bing-search-results/
oanplobhgngkpkpeihcdojkongpiheci,0,https://www.zdnet.com/article/cluster-of-295-chrome-extensions-caught-hijacking-google-and-bing-search-results/
obahibdkmhmnenkcdpakilchcppihopl,0,https://www.zdnet.com/article/cluster-of-295-chrome-extensions-caught-hijacking-google-and-bing-search-results/
obgdpcjbebcaphmigjhogcikejnlbjgl,0,https://www.zdnet.com/article/cluster-of-295-chrome-extensions-caught-hijacking-google-and-bing-search-results/
ocfpmgbbkjeblbhdehminjdjffhcidbi,0,https://www.zdnet.com/article/cluster-of-295-chrome-extensions-caught-hijacking-google-and-bing-search-results/
ocgfhclcahimdhfjgmakmfdnhomofljo,0,https://www.zdnet.com/article/cluster-of-295-chrome-extensions-caught-hijacking-google-and-bing-search-results/
ocponkhpfikgnggeflddgkfcmhjejedo,0,https://www.zdnet.com/article/cluster-of-295-chrome-extensions-caught-hijacking-google-and-bing-search-results/
odoenahafpbigcelejhbkkhnjfleanok,0,https://www.zdnet.com/article/cluster-of-295-chrome-extensions-caught-hijacking-google-and-bing-search-results/
oehamnhnpejphgpkgnenefolepinadjj,0,https://www.zdnet.com/article/cluster-of-295-chrome-extensions-caught-hijacking-google-and-bing-search-results/
oejbnchocabaoicconfnbjghebmbfemc,0,https://www.zdnet.com/article/cluster-of-295-chrome-extensions-caught-hijacking-google-and-bing-search-results/
oejmcobpfiiladgbfpknibppfnekbolo,0,https://www.zdnet.com/article/cluster-of-295-chrome-extensions-caught-hijacking-google-and-bing-search-results/
oemkcngaaomgokaclafmkcgcpbfelmnb,0,https://www.zdnet.com/article/cluster-of-295-chrome-extensions-caught-hijacking-google-and-bing-search-results/
ofbfieekadnmifbaoigkcffobkkjblep,0,https://www.zdnet.com/article/cluster-of-295-chrome-extensions-caught-hijacking-google-and-bing-search-results/
ofgihclaiecmjbfjnajjimdbjnbiimkk,0,https://www.zdnet.com/article/cluster-of-295-chrome-extensions-caught-hijacking-google-and-bing-search-results/
ofkjndegefemablfmefngnpchlhapdmi,0,https://www.zdnet.com/article/cluster-of-295-chrome-extensions-caught-hijacking-google-and-bing-search-results/
ofockibbbgfclddbpbhhohdldgkomhgm,0,https://www.zdnet.com/article/cluster-of-295-chrome-extensions-caught-hijacking-google-and-bing-search-results/
ogegpnamjdpcadpldhijjlhkicgbnkjj,0,https://www.zdnet.com/article/cluster-of-295-chrome-extensions-caught-hijacking-google-and-bing-search-results/
ogiaghccmoklogdlbchapejmjnnlichn,0,https://www.zdnet.com/article/cluster-of-295-chrome-extensions-caught-hijacking-google-and-bing-search-results/
ohjoklkmollkbcibgddolpmpgaoophfl,0,https://www.zdnet.com/article/cluster-of-295-chrome-extensions-caught-hijacking-google-and-bing-search-results/
ohobkendnpiijpeiaimjbannfcmhaogi,0,https://www.zdnet.com/article/cluster-of-295-chrome-extensions-caught-hijacking-google-and-bing-search-results/
ohoingjkmkkoffkdmbpipdncbkhaaefd,0,https://www.zdnet.com/article/cluster-of-295-chrome-extensions-caught-hijacking-google-and-bing-search-results/
oihecidjnjpjfeefkambkjgebbmpahgn,0,https://www.zdnet.com/article/cluster-of-295-chrome-extensions-caught-hijacking-google-and-bing-search-results/
oilikkahlcnchaipbojfgejapechblbl,0,https://www.zdnet.com/article/cluster-of-295-chrome-extensions-caught-hijacking-google-and-bing-search-results/
ojfjgkolegfhneacbgcjaoajfgcfoapf,0,https://www.zdnet.com/article/cluster-of-295-chrome-extensions-caught-hijacking-google-and-bing-search-results/
ojhlagjgjbjfgllocdhlpnkbdlcipnmo,0,https://www.zdnet.com/article/cluster-of-295-chrome-extensions-caught-hijacking-google-and-bing-search-results/
ojmpgbcmiimbkmjfgmcneplkneleehcc,0,https://www.zdnet.com/article/cluster-of-295-chrome-extensions-caught-hijacking-google-and-bing-search-results/
ojnlggfhmoioajgmnelfdpjojaeknjog,0,https://www.zdnet.com/article/cluster-of-295-chrome-extensions-caught-hijacking-google-and-bing-search-results/
okgnpdnekilbcgcfeheanbpbhnhmopfc,0,https://www.zdnet.com/article/cluster-of-295-chrome-extensions-caught-hijacking-google-and-bing-search-results/
okjdiicjoeloipmgdopdmhpebnnfadih,0,https://www.zdnet.com/article/cluster-of-295-chrome-extensions-caught-hijacking-google-and-bing-search-results/
okphhehkikoonipdjmhglcmlgccjcblp,0,https://www.zdnet.com/article/cluster-of-295-chrome-extensions-caught-hijacking-google-and-bing-search-results/
olochidfgadpdbdmdfbhgimiffnllaij,0,https://www.zdnet.com/article/cluster-of-295-chrome-extensions-caught-hijacking-google-and-bing-search-results/
ombenndgcnmcnfohnbbjcmbmfmpefojc,0,https://www.zdnet.com/article/cluster-of-295-chrome-extensions-caught-hijacking-google-and-bing-search-results/
omclahaofiigfggelbcleagcphjhabmp,0,https://www.zdnet.com/article/cluster-of-295-chrome-extensions-caught-hijacking-google-and-bing-search-results/
onjjlcdmafgcjdbhmlnpmheobbfeilah,0,https://www.zdnet.com/article/cluster-of-295-chrome-extensions-caught-hijacking-google-and-bing-search-results/
onnmfhejbikffoenamcfglpjnmmbkdeg,0,https://www.zdnet.com/article/cluster-of-295-chrome-extensions-caught-hijacking-google-and-bing-search-results/
oonheecobachpkogdjjnemiipogpgnmg,0,https://www.zdnet.com/article/cluster-of-295-chrome-extensions-caught-hijacking-google-and-bing-search-results/
opbobdfddmiemhekjiglckcenhpfdbjm,0,https://www.zdnet.com/article/cluster-of-295-chrome-extensions-caught-hijacking-google-and-bing-search-results/
opjpfngjbdmgkilopbnapbkbngedcpmj,0,https://www.zdnet.com/article/cluster-of-295-chrome-extensions-caught-hijacking-google-and-bing-search-results/
oplhjpchbbngmpgcpjcbijhfehbhodgi,0,https://www.zdnet.com/article/cluster-of-295-chrome-extensions-caught-hijacking-google-and-bing-search-results/
oppbpkjmehgijcpeddkpbadoidfpcblg,0,https://www.zdnet.com/article/cluster-of-295-chrome-extensions-caught-hijacking-google-and-bing-search-results/
paddichbcfehpelokpidnagccddbpkin,0,https://www.zdnet.com/article/cluster-of-295-chrome-extensions-caught-hijacking-google-and-bing-search-results/
pajbempmgmalnfpbnpclkelnhfccikal,0,https://www.zdnet.com/article/cluster-of-295-chrome-extensions-caught-hijacking-google-and-bing-search-results/
pboddlnfegdnifbhepjegnokocjpadpd,0,https://www.zdnet.com/article/cluster-of-295-chrome-extensions-caught-hijacking-google-and-bing-search-results/
pcbpmbmpjjibcmodpaomahiokikjomgc,0,https://www.zdnet.com/article/cluster-of-295-chrome-extensions-caught-hijacking-google-and-bing-search-results/
pcembleiffdccjkcebaodmhgkopipdan,0,https://www.zdnet.com/article/cluster-of-295-chrome-extensions-caught-hijacking-google-and-bing-search-results/
pcgcmplcfdfkkkmaggghdghnlddkpbbo,0,https://www.zdnet.com/article/cluster-of-295-chrome-extensions-caught-hijacking-google-and-bing-search-results/
pdhibfagbndnidgfjkhdhlfibdoofbji,0,https://www.zdnet.com/article/cluster-of-295-chrome-extensions-caught-hijacking-google-and-bing-search-results/
pdloaiifhmlbhhppajjmfpijopfeenoo,0,https://www.zdnet.com/article/cluster-of-295-chrome-extensions-caught-hijacking-google-and-bing-search-results/
pehnljkefahmlhifockljagcfcpljclc,0,https://www.zdnet.com/article/cluster-of-295-chrome-extensions-caught-hijacking-google-and-bing-search-results/
pelnnoacfeaanpmnmacjjnnpgfggekig,0,https://www.zdnet.com/article/cluster-of-295-chrome-extensions-caught-hijacking-google-and-bing-search-results/
pfekelemlpmelhipncgddloaflehglmb,0,https://www.zdnet.com/article/cluster-of-295-chrome-extensions-caught-hijacking-google-and-bing-search-results/
pfepcffcdodcancalckiencamnonoebl,0,https://www.zdnet.com/article/cluster-of-295-chrome-extensions-caught-hijacking-google-and-bing-search-results/
pfpgpbfndacjjjdlgefggndhionakfmb,0,https://www.zdnet.com/article/cluster-of-295-chrome-extensions-caught-hijacking-google-and-bing-search-results/
pghkmhmjldklacabcgkaaboikfaaogmi,0,https://www.zdnet.com/article/cluster-of-295-chrome-extensions-caught-hijacking-google-and-bing-search-results/
pgilbgknfcnjjblfnjojmcpkggipblci,0,https://www.zdnet.com/article/cluster-of-295-chrome-extensions-caught-hijacking-google-and-bing-search-results/
pgleokbigapafgjodffamlhdkhiagdgb,0,https://www.zdnet.com/article/cluster-of-295-chrome-extensions-caught-hijacking-google-and-bing-search-results/
phkafpikdokjpogdhjpkcgfjpfgnlgeo,0,https://www.zdnet.com/article/cluster-of-295-chrome-extensions-caught-hijacking-google-and-bing-search-results/
phmogllmicehmpglfobbihoelfidjnpd,0,https://www.zdnet.com/article/cluster-of-295-chrome-extensions-caught-hijacking-google-and-bing-search-results/
pihogmfmhefemijkgmbimkngninbkkce,0,https://www.zdnet.com/article/cluster-of-295-chrome-extensions-caught-hijacking-google-and-bing-search-results/
pilmbpeapchjcnldfomimmcfoigoenoc,0,https://www.zdnet.com/article/cluster-of-295-chrome-extensions-caught-hijacking-google-and-bing-search-results/
pinfndnjmdocmimbeonilpahdaldopjc,0,https://www.zdnet.com/article/cluster-of-295-chrome-extensions-caught-hijacking-google-and-bing-search-results/
pinkcaefpkjpljfflabpkcgbkpbomdfk,0,https://www.zdnet.com/article/cluster-of-295-chrome-extensions-caught-hijacking-google-and-bing-search-results/
pjabdohmcokffcednbgpeoifpdbfgfbj,0,https://www.zdnet.com/article/cluster-of-295-chrome-extensions-caught-hijacking-google-and-bing-search-results/
pjjmcpmjocebmjmhdclbiheoideefiad,0,https://www.zdnet.com/article/cluster-of-295-chrome-extensions-caught-hijacking-google-and-bing-search-results/
plcdglhlbmlnfoghfhmbhehapfadedod,0,https://www.zdnet.com/article/cluster-of-295-chrome-extensions-caught-hijacking-google-and-bing-search-results/
pmdakkjbaeioodmomlmnklahihodjcjk,0,https://www.zdnet.com/article/cluster-of-295-chrome-extensions-caught-hijacking-google-and-bing-search-results/
pmnpldnflfopbhndkjndecojdpgecckf,0,https://www.zdnet.com/article/cluster-of-295-chrome-extensions-caught-hijacking-google-and-bing-search-results/
pnamonkagicmlnalnlcdaoeenhlgdklf,0,https://www.zdnet.com/article/cluster-of-295-chrome-extensions-caught-hijacking-google-and-bing-search-results/
poeokidblnamjkagggonidcigafaobki,0,https://www.zdnet.com/article/cluster-of-295-chrome-extensions-caught-hijacking-google-and-bing-search-results/
pofffhlknjbjolmfoeagdmbbdbjjmeki,0,https://www.zdnet.com/article/cluster-of-295-chrome-extensions-caught-hijacking-google-and-bing-search-results/
polgnkadhhhmlahkhhbicledbpklnake,0,https://www.zdnet.com/article/cluster-of-295-chrome-extensions-caught-hijacking-google-and-bing-search-results/
ppicajcmopaimnnikbafgknffbdmomfk,0,https://www.zdnet.com/article/cluster-of-295-chrome-extensions-caught-hijacking-google-and-bing-search-results/
ppmbiomgjfenipmnjiiaemcaboaeljil,0,https://www.zdnet.com/article/cluster-of-295-chrome-extensions-caught-hijacking-google-and-bing-search-results/
bmngkajcejghcgafbobemkpjboikmgfi,0,https://www.zdnet.com/article/facebook-sues-two-chrome-extension-makers-for-scraping-user-data/
deciloopcooglpjhomblbbjeeenohbpg,0,https://www.zdnet.com/article/facebook-sues-two-chrome-extension-makers-for-scraping-user-data/
gabbbocakeomblphkmmnoamkioajlkfo,0,https://www.zdnet.com/article/google-removes-two-chrome-ad-blockers-caught-collecting-user-data/
ggolfgbegefeeoocgjbmkembbncoadlb,0,https://www.zdnet.com/article/google-removes-two-chrome-ad-blockers-caught-collecting-user-data/
mdpgppkombninhkfhaggckdmencplhmg,0,https://www.zdnet.com/article/three-million-users-installed-28-malicious-chrome-or-edge-extensions/
fgaapohcdolaiaijobecfleiohcfhdfb,0,https://www.zdnet.com/article/three-million-users-installed-28-malicious-chrome-or-edge-extensions/
iibnodnghffmdcebaglfgnfkgemcbchf,0,https://www.zdnet.com/article/three-million-users-installed-28-malicious-chrome-or-edge-extensions/
olkpikmlhoaojbbmmpejnimiglejmboe,0,https://www.zdnet.com/article/three-million-users-installed-28-malicious-chrome-or-edge-extensions/
bhfoemlllidnfefgkeaeocnageepbael,0,https://www.zdnet.com/article/three-million-users-installed-28-malicious-chrome-or-edge-extensions/
nilbfjdbacfdodpbdondbbkmoigehodg,0,https://www.zdnet.com/article/three-million-users-installed-28-malicious-chrome-or-edge-extensions/
eikbfklcjampfnmclhjeifbmfkpkfpbn,0,https://www.zdnet.com/article/three-million-users-installed-28-malicious-chrome-or-edge-extensions/
pfnmibjifkhhblmdmaocfohebdpfppkf,0,https://www.zdnet.com/article/three-million-users-installed-28-malicious-chrome-or-edge-extensions/
cgpbghdbejagejmciefmekcklikpoeel,0,https://www.zdnet.com/article/three-million-users-installed-28-malicious-chrome-or-edge-extensions/
klejifgmmnkgejbhgmpgajemhlnijlib,0,https://www.zdnet.com/article/three-million-users-installed-28-malicious-chrome-or-edge-extensions/
ceoldlgkhdbnnmojajjgfapagjccblib,0,https://www.zdnet.com/article/three-million-users-installed-28-malicious-chrome-or-edge-extensions/
mnafnfdagggclnaggnjajohakfbppaih,0,https://www.zdnet.com/article/three-million-users-installed-28-malicious-chrome-or-edge-extensions/
oknpgmaeedlbdichgaghebhiknmghffa,0,https://www.zdnet.com/article/three-million-users-installed-28-malicious-chrome-or-edge-extensions/
pcaaejaejpolbbchlmbdjfiggojefllp,0,https://www.zdnet.com/article/three-million-users-installed-28-malicious-chrome-or-edge-extensions/
lmcajpniijhhhpcnhleibgiehhicjlnk,0,https://www.zdnet.com/article/three-million-users-installed-28-malicious-chrome-or-edge-extensions/
lnocaphbapmclliacmbbggnfnjojbjgf,0,https://www.zdnet.com/article/three-million-users-installed-28-malicious-chrome-or-edge-extensions/
bhcpgfhiobcpokfpdahijhnipenkplji,0,https://www.zdnet.com/article/three-million-users-installed-28-malicious-chrome-or-edge-extensions/
dambkkeeabmnhelekdekfmabnckghdih,0,https://www.zdnet.com/article/three-million-users-installed-28-malicious-chrome-or-edge-extensions/
dgjmdlifhbljhmgkjbojeejmeeplapej,0,https://www.zdnet.com/article/three-million-users-installed-28-malicious-chrome-or-edge-extensions/
emechknidkghbpiodihlodkhnljplpjm,0,https://www.zdnet.com/article/three-million-users-installed-28-malicious-chrome-or-edge-extensions/
hajlccgbgjdcjaommiffaphjdndpjcio,0,https://www.zdnet.com/article/three-million-users-installed-28-malicious-chrome-or-edge-extensions/
dljdbmkffjijepjnkonndbdiakjfdcic,0,https://www.zdnet.com/article/three-million-users-installed-28-malicious-chrome-or-edge-extensions/
cjmpdadldchjmljhkigoeejegmghaabp,0,https://www.zdnet.com/article/three-million-users-installed-28-malicious-chrome-or-edge-extensions/
jlkfgpiicpnlbmmmpkpdjkkdolgomhmb,0,https://www.zdnet.com/article/three-million-users-installed-28-malicious-chrome-or-edge-extensions/
njdkgjbjmdceaibhngelkkloceihelle,0,https://www.zdnet.com/article/three-million-users-installed-28-malicious-chrome-or-edge-extensions/
phoehhafolaebdpimmbmlofmeibdkckp,0,https://www.zdnet.com/article/three-million-users-installed-28-malicious-chrome-or-edge-extensions/
pccfaccnfkjmdlkollpiaialndbieibj,0,https://www.zdnet.com/article/three-million-users-installed-28-malicious-chrome-or-edge-extensions/
fbhbpnjkpcdmcgcpfilooccjgemlkinn,0,https://www.zdnet.com/article/three-million-users-installed-28-malicious-chrome-or-edge-extensions/
dppilebghcniomddkpphiminideiajff,0,https://www.bleepingcomputer.com/news/security/facebook-sues-makers-of-malicious-chrome-extensions-for-scraping-data/
ojmbbkdflpfjdceflikpkbbmmbfagglg,0,https://www.bleepingcomputer.com/news/security/facebook-sues-makers-of-malicious-chrome-extensions-for-scraping-data/
chmaijbnjdnkjknoigffoohjhpejjppd,0,https://www.bleepingcomputer.com/news/security/facebook-sues-makers-of-malicious-chrome-extensions-for-scraping-data/
jhcfnojahmdghhebdaoijngclknfkbjn,0,https://www.bleepingcomputer.com/news/security/facebook-sues-makers-of-malicious-chrome-extensions-for-scraping-data/
akdbogfpgohikflhccclloneidjkogog,0,
lgjogljbnbfjcaigalbhiagkboajmkkj,0,
aemaecahdckfllfldhgimjhdgiaahean,0,
klbibkeccnjlkjkiokjodocebajanakg,0,https://lifehacker.com/ditch-the-great-suspender-before-it-becomes-a-security-1845989664
fmfjhicbjecfchfmpelfnifijeigelme,0,https://www.bleepingcomputer.com/news/security/malicious-extension-abuses-chrome-sync-to-steal-users-data/
acdfdofofabmipgcolilkfhnpoclgpdd,0,https://www.kaspersky.com/blog/chrome-plugins-alert/38242/
oobppndjaabcidladjeehddkgkccfcpn,0,https://www.kaspersky.com/blog/chrome-plugins-alert/38242/
aonedlchkbicmhepimiahfalheedjgbh,0,https://www.kaspersky.com/blog/chrome-plugins-alert/38242/
aoeacblfmdamdejeiaepojbhohhkmkjh,0,https://www.kaspersky.com/blog/chrome-plugins-alert/38242/
eoeoincjhpflnpdaiemgbboknhkblome,0,https://www.kaspersky.com/blog/chrome-plugins-alert/38242/
onbkopaoemachfglhlpomhbpofepfpom,0,https://www.kaspersky.com/blog/chrome-plugins-alert/38242/
inlgdellfblpplcogjfedlhjnpgafnia,0,https://www.kaspersky.com/blog/chrome-plugins-alert/38242/
ejfajpmpabphhkcacijnhggimhelopfg,0,https://www.kaspersky.com/blog/chrome-plugins-alert/38242/
pgjndpcilbcanlnhhjmhjalilcmoicjc,0,https://www.kaspersky.com/blog/chrome-plugins-alert/38242/
napifgkjbjeodgmfjmgncljmnmdefpbf,0,https://www.kaspersky.com/blog/chrome-plugins-alert/38242/
glgemekgfjppocilabhlcbngobillcgf,0,https://www.kaspersky.com/blog/chrome-plugins-alert/38242/
klmjcelobglnhnbfpmlbgnoeippfhhil,0,https://www.kaspersky.com/blog/chrome-plugins-alert/38242/
ldbfffpdfgghehkkckifnjhoncdgjkib,0,https://www.kaspersky.com/blog/chrome-plugins-alert/38242/
mbacbcfdfaapbcnlnbmciiaakomhkbkb,0,https://www.kaspersky.com/blog/chrome-plugins-alert/38242/
mdnmhbnbebabimcjggckeoibchhckemm,0,https://www.kaspersky.com/blog/chrome-plugins-alert/38242/
lfedlgnabjompjngkpddclhgcmeklana,0,https://www.kaspersky.com/blog/chrome-plugins-alert/38242/
mdpljndcmbeikfnlflcggaipgnhiedbl,0,https://www.kaspersky.com/blog/chrome-plugins-alert/38242/
npdpplbicnmpoigidfdjadamgfkilaak,0,https://www.kaspersky.com/blog/chrome-plugins-alert/38242/
ibehiiilehaakkhkigckfjfknboalpbe,0,https://www.kaspersky.com/blog/chrome-plugins-alert/38242/
lalpacfpfnobgdkbbpggecolckiffhoi,0,https://www.kaspersky.com/blog/chrome-plugins-alert/38242/
hdbipekpdpggjaipompnomhccfemaljm,0,https://www.kaspersky.com/blog/chrome-plugins-alert/38242/
gfjocjagfinihkkaahliainflifnlnfc,0,https://www.kaspersky.com/blog/chrome-plugins-alert/38242/
ickfamnaffmfjgecbbnhecdnmjknblic,0,https://www.kaspersky.com/blog/chrome-plugins-alert/38242/
bmcnncbmipphlkdmgfbipbanmmfdamkd,0,https://www.kaspersky.com/blog/chrome-plugins-alert/38242/
miejmllodobdobgjbeonandkjhnhpjbn,0,https://www.kaspersky.com/blog/chrome-plugins-alert/38242/
mabdjppmcjpjploliggpbonahnjjlgkf,0,https://www.ghacks.net/2021/05/18/dont-download-this-microsoft-authenticator-extension-for-chrome-it-is-fake/
mmnbenehknklpbendgmgngeaignppnbe,0,https://www.bleepingcomputer.com/news/security/chrome-extensions-with-14-million-installs-steal-browsing-data/
flijfnhifgdcbhglkneplegafminjnhn,0,https://www.bleepingcomputer.com/news/security/chrome-extensions-with-14-million-installs-steal-browsing-data/
pojgkmkfincpdkdgjepkmdekcahmckjp,0,https://www.bleepingcomputer.com/news/security/chrome-extensions-with-14-million-installs-steal-browsing-data/
adikhbfjdbjkhelbdnffogkobkekkkej,0,https://www.bleepingcomputer.com/news/security/chrome-extensions-with-14-million-installs-steal-browsing-data/
gbnahglfafmhaehbdmjedfhdmimjcbed,0,https://www.bleepingcomputer.com/news/security/chrome-extensions-with-14-million-installs-steal-browsing-data/